Date,Angola,Argentina,Azerbaijan,Bulgaria,Belarus,Belize,Brazil,Chile,China,Cote d'Ivoire,Colombia,Costa Rica,Dominican Republic,Ecuador,"Egypt, Arab Rep.",Gabon,Georgia,Ghana,Guatemala,Croatia,Hungary,Indonesia,India,Iraq,Jamaica,Jordan,Kazakhstan,Lebanon,Sri Lanka,Lithuania,Morocco,Mexico,Mongolia,Malaysia,Namibia,Nigeria,Pakistan,Panama,Peru,Philippines,Poland,Russian Federation,Senegal,El Salvador,Serbia,Trinidad and Tobago,Tunisia,Turkey,Ukraine,Uruguay,"Venezuela, RB",Vietnam,South Africa,Zambia
1991M03,NA,NA,NA,NA,NA,NA,NA,NA,NA,NA,NA,NA,NA,NA,NA,NA,NA,NA,NA,NA,NA,NA,NA,NA,NA,NA,NA,NA,NA,NA,NA,NA,NA,NA,NA,NA,NA,NA,NA,NA,NA,NA,NA,NA,NA,NA,NA,NA,NA,NA,NA,NA,NA,NA
1991M04,NA,NA,NA,NA,NA,NA,NA,NA,NA,NA,NA,NA,NA,NA,NA,NA,NA,NA,NA,NA,NA,NA,NA,NA,NA,NA,NA,NA,NA,NA,NA,NA,NA,NA,NA,NA,NA,NA,NA,NA,NA,NA,NA,NA,NA,NA,NA,NA,NA,NA,NA,NA,NA,NA
1991M05,NA,NA,NA,NA,NA,NA,NA,NA,NA,NA,NA,NA,NA,NA,NA,NA,NA,NA,NA,NA,NA,NA,NA,NA,NA,NA,NA,NA,NA,NA,NA,NA,NA,NA,NA,NA,NA,NA,NA,NA,NA,NA,NA,NA,NA,NA,NA,NA,NA,NA,NA,NA,NA,NA
1991M06,NA,NA,NA,NA,NA,NA,NA,NA,NA,NA,NA,NA,NA,NA,NA,NA,NA,NA,NA,NA,NA,NA,NA,NA,NA,NA,NA,NA,NA,NA,NA,NA,NA,NA,NA,NA,NA,NA,NA,NA,NA,NA,NA,NA,NA,NA,NA,NA,NA,NA,NA,NA,NA,NA
1991M07,NA,NA,NA,NA,NA,NA,NA,NA,NA,NA,NA,NA,NA,NA,NA,NA,NA,NA,NA,NA,NA,NA,NA,NA,NA,NA,NA,NA,NA,NA,NA,NA,NA,NA,NA,NA,NA,NA,NA,NA,NA,NA,NA,NA,NA,NA,NA,NA,NA,NA,NA,NA,NA,NA
1991M08,NA,NA,NA,NA,NA,NA,NA,NA,NA,NA,NA,NA,NA,NA,NA,NA,NA,NA,NA,NA,NA,NA,NA,NA,NA,NA,NA,NA,NA,NA,NA,NA,NA,NA,NA,NA,NA,NA,NA,NA,NA,NA,NA,NA,NA,NA,NA,NA,NA,NA,NA,NA,NA,NA
1991M09,NA,NA,NA,NA,NA,NA,NA,NA,NA,NA,NA,NA,NA,NA,NA,NA,NA,NA,NA,NA,NA,NA,NA,NA,NA,NA,NA,NA,NA,NA,NA,NA,NA,NA,NA,NA,NA,NA,NA,NA,NA,NA,NA,NA,NA,NA,NA,NA,NA,NA,NA,NA,NA,NA
1991M10,NA,NA,NA,NA,NA,NA,NA,NA,NA,NA,NA,NA,NA,NA,NA,NA,NA,NA,NA,NA,NA,NA,NA,NA,NA,NA,NA,NA,NA,NA,NA,NA,NA,NA,NA,NA,NA,NA,NA,NA,NA,NA,NA,NA,NA,NA,NA,NA,NA,NA,NA,NA,NA,NA
1991M11,NA,NA,NA,NA,NA,NA,NA,NA,NA,NA,NA,NA,NA,NA,NA,NA,NA,NA,NA,NA,NA,NA,NA,NA,NA,NA,NA,NA,NA,NA,NA,NA,NA,NA,NA,NA,NA,NA,NA,NA,NA,NA,NA,NA,NA,NA,NA,NA,NA,NA,NA,NA,NA,NA
1991M12,NA,NA,NA,NA,NA,NA,NA,NA,NA,NA,NA,NA,NA,NA,NA,NA,NA,NA,NA,NA,NA,NA,NA,NA,NA,NA,NA,NA,NA,NA,NA,NA,NA,NA,NA,NA,NA,NA,NA,NA,NA,NA,NA,NA,NA,NA,NA,NA,NA,NA,NA,NA,NA,NA
1992M01,NA,NA,NA,NA,NA,NA,NA,NA,NA,NA,NA,NA,NA,NA,NA,NA,NA,NA,NA,NA,NA,NA,NA,NA,NA,NA,NA,NA,NA,NA,NA,NA,NA,NA,NA,NA,NA,NA,NA,NA,NA,NA,NA,NA,NA,NA,NA,NA,NA,NA,NA,NA,NA,NA
1992M02,NA,NA,NA,NA,NA,NA,NA,NA,NA,NA,NA,NA,NA,NA,NA,NA,NA,NA,NA,NA,NA,NA,NA,NA,NA,NA,NA,NA,NA,NA,NA,NA,NA,NA,NA,NA,NA,NA,NA,NA,NA,NA,NA,NA,NA,NA,NA,NA,NA,NA,NA,NA,NA,NA
1992M03,NA,NA,NA,NA,NA,NA,NA,NA,NA,NA,NA,NA,NA,NA,NA,NA,NA,NA,NA,NA,NA,NA,NA,NA,NA,NA,NA,NA,NA,NA,NA,NA,NA,NA,NA,NA,NA,NA,NA,NA,NA,NA,NA,NA,NA,NA,NA,NA,NA,NA,NA,NA,NA,NA
1992M04,NA,NA,NA,NA,NA,NA,NA,NA,NA,NA,NA,NA,NA,NA,NA,NA,NA,NA,NA,NA,NA,NA,NA,NA,NA,NA,NA,NA,NA,NA,NA,NA,NA,NA,NA,NA,NA,NA,NA,NA,NA,NA,NA,NA,NA,NA,NA,NA,NA,NA,NA,NA,NA,NA
1992M05,NA,NA,NA,NA,NA,NA,NA,NA,NA,NA,NA,NA,NA,NA,NA,NA,NA,NA,NA,NA,NA,NA,NA,NA,NA,NA,NA,NA,NA,NA,NA,NA,NA,NA,NA,NA,NA,NA,NA,NA,NA,NA,NA,NA,NA,NA,NA,NA,NA,NA,NA,NA,NA,NA
1992M06,NA,NA,NA,NA,NA,NA,NA,NA,NA,NA,NA,NA,NA,NA,NA,NA,NA,NA,NA,NA,NA,NA,NA,NA,NA,NA,NA,NA,NA,NA,NA,NA,NA,NA,NA,NA,NA,NA,NA,NA,NA,NA,NA,NA,NA,NA,NA,NA,NA,NA,NA,NA,NA,NA
1992M07,NA,NA,NA,NA,NA,NA,NA,NA,NA,NA,NA,NA,NA,NA,NA,NA,NA,NA,NA,NA,NA,NA,NA,NA,NA,NA,NA,NA,NA,NA,NA,NA,NA,NA,NA,NA,NA,NA,NA,NA,NA,NA,NA,NA,NA,NA,NA,NA,NA,NA,NA,NA,NA,NA
1992M08,NA,NA,NA,NA,NA,NA,NA,NA,NA,NA,NA,NA,NA,NA,NA,NA,NA,NA,NA,NA,NA,NA,NA,NA,NA,NA,NA,NA,NA,NA,NA,NA,NA,NA,NA,NA,NA,NA,NA,NA,NA,NA,NA,NA,NA,NA,NA,NA,NA,NA,NA,NA,NA,NA
1992M09,NA,NA,NA,NA,NA,NA,NA,NA,NA,NA,NA,NA,NA,NA,NA,NA,NA,NA,NA,NA,NA,NA,NA,NA,NA,NA,NA,NA,NA,NA,NA,NA,NA,NA,NA,NA,NA,NA,NA,NA,NA,NA,NA,NA,NA,NA,NA,NA,NA,NA,NA,NA,NA,NA
1992M10,NA,NA,NA,NA,NA,NA,NA,NA,NA,NA,NA,NA,NA,NA,NA,NA,NA,NA,NA,NA,NA,NA,NA,NA,NA,NA,NA,NA,NA,NA,NA,NA,NA,NA,NA,NA,NA,NA,NA,NA,NA,NA,NA,NA,NA,NA,NA,NA,NA,NA,NA,NA,NA,NA
1992M11,NA,NA,NA,NA,NA,NA,NA,NA,NA,NA,NA,NA,NA,NA,NA,NA,NA,NA,NA,NA,NA,NA,NA,NA,NA,NA,NA,NA,NA,NA,NA,NA,NA,NA,NA,NA,NA,NA,NA,NA,NA,NA,NA,NA,NA,NA,NA,NA,NA,NA,NA,NA,NA,NA
1992M12,NA,NA,NA,NA,NA,NA,NA,NA,NA,NA,NA,NA,NA,NA,NA,NA,NA,NA,NA,NA,NA,NA,NA,NA,NA,NA,NA,NA,NA,NA,NA,NA,NA,NA,NA,NA,NA,NA,NA,NA,NA,NA,NA,NA,NA,NA,NA,NA,NA,NA,NA,NA,NA,NA
1993M01,NA,NA,NA,NA,NA,NA,NA,NA,NA,NA,NA,NA,NA,NA,NA,NA,NA,NA,NA,NA,NA,NA,NA,NA,NA,NA,NA,NA,NA,NA,NA,NA,NA,NA,NA,NA,NA,NA,NA,NA,NA,NA,NA,NA,NA,NA,NA,NA,NA,NA,NA,NA,NA,NA
1993M02,NA,NA,NA,NA,NA,NA,NA,NA,NA,NA,NA,NA,NA,NA,NA,NA,NA,NA,NA,NA,NA,NA,NA,NA,NA,NA,NA,NA,NA,NA,NA,NA,NA,NA,NA,NA,NA,NA,NA,NA,NA,NA,NA,NA,NA,NA,NA,NA,NA,NA,NA,NA,NA,NA
1993M03,NA,NA,NA,NA,NA,NA,NA,NA,NA,NA,NA,NA,NA,NA,NA,NA,NA,NA,NA,NA,NA,NA,NA,NA,NA,NA,NA,NA,NA,NA,NA,NA,NA,NA,NA,NA,NA,NA,NA,NA,NA,NA,NA,NA,NA,NA,NA,NA,NA,NA,NA,NA,NA,NA
1993M04,NA,NA,NA,NA,NA,NA,NA,NA,NA,NA,NA,NA,NA,NA,NA,NA,NA,NA,NA,NA,NA,NA,NA,NA,NA,NA,NA,NA,NA,NA,NA,NA,NA,NA,NA,NA,NA,NA,NA,NA,NA,NA,NA,NA,NA,NA,NA,NA,NA,NA,NA,NA,NA,NA
1993M05,NA,NA,NA,NA,NA,NA,NA,NA,NA,NA,NA,NA,NA,NA,NA,NA,NA,NA,NA,NA,NA,NA,NA,NA,NA,NA,NA,NA,NA,NA,NA,NA,NA,NA,NA,NA,NA,NA,NA,NA,NA,NA,NA,NA,NA,NA,NA,NA,NA,NA,NA,NA,NA,NA
1993M06,NA,NA,NA,NA,NA,NA,NA,NA,NA,NA,NA,NA,NA,NA,NA,NA,NA,NA,NA,NA,NA,NA,NA,NA,NA,NA,NA,NA,NA,NA,NA,NA,NA,NA,NA,NA,NA,NA,NA,NA,NA,NA,NA,NA,NA,NA,NA,NA,NA,NA,NA,NA,NA,NA
1993M07,NA,NA,NA,NA,NA,NA,NA,NA,NA,NA,NA,NA,NA,NA,NA,NA,NA,NA,NA,NA,NA,NA,NA,NA,NA,NA,NA,NA,NA,NA,NA,NA,NA,NA,NA,NA,NA,NA,NA,NA,NA,NA,NA,NA,NA,NA,NA,NA,NA,NA,NA,NA,NA,NA
1993M08,NA,NA,NA,NA,NA,NA,NA,NA,NA,NA,NA,NA,NA,NA,NA,NA,NA,NA,NA,NA,NA,NA,NA,NA,NA,NA,NA,NA,NA,NA,NA,NA,NA,NA,NA,NA,NA,NA,NA,NA,NA,NA,NA,NA,NA,NA,NA,NA,NA,NA,NA,NA,NA,NA
1993M09,NA,NA,NA,NA,NA,NA,NA,NA,NA,NA,NA,NA,NA,NA,NA,NA,NA,NA,NA,NA,NA,NA,NA,NA,NA,NA,NA,NA,NA,NA,NA,NA,NA,NA,NA,NA,NA,NA,NA,NA,NA,NA,NA,NA,NA,NA,NA,NA,NA,NA,NA,NA,NA,NA
1993M10,NA,NA,NA,NA,NA,NA,NA,NA,NA,NA,NA,NA,NA,NA,NA,NA,NA,NA,NA,NA,NA,NA,NA,NA,NA,NA,NA,NA,NA,NA,NA,NA,NA,NA,NA,NA,NA,NA,NA,NA,NA,NA,NA,NA,NA,NA,NA,NA,NA,NA,NA,NA,NA,NA
1993M11,NA,NA,NA,NA,NA,NA,NA,NA,NA,NA,NA,NA,NA,NA,NA,NA,NA,NA,NA,NA,NA,NA,NA,NA,NA,NA,NA,NA,NA,NA,NA,NA,NA,NA,NA,NA,NA,NA,NA,NA,NA,NA,NA,NA,NA,NA,NA,NA,NA,NA,NA,NA,NA,NA
1993M12,NA,NA,NA,NA,NA,NA,NA,NA,NA,NA,NA,NA,NA,NA,NA,NA,NA,NA,NA,NA,NA,NA,NA,NA,NA,NA,NA,NA,NA,NA,NA,NA,NA,NA,NA,NA,NA,NA,NA,NA,NA,NA,NA,NA,NA,NA,NA,NA,NA,NA,NA,NA,NA,NA
1994M01,NA,NA,NA,NA,NA,NA,NA,NA,NA,NA,NA,NA,NA,NA,NA,NA,NA,NA,NA,NA,NA,NA,NA,NA,NA,NA,NA,NA,NA,NA,NA,NA,NA,NA,NA,NA,NA,NA,NA,NA,NA,NA,NA,NA,NA,NA,NA,NA,NA,NA,NA,NA,NA,NA
1994M02,NA,NA,NA,NA,NA,NA,NA,NA,NA,NA,NA,NA,NA,NA,NA,NA,NA,NA,NA,NA,NA,NA,NA,NA,NA,NA,NA,NA,NA,NA,NA,NA,NA,NA,NA,NA,NA,NA,NA,NA,NA,NA,NA,NA,NA,NA,NA,NA,NA,NA,NA,NA,NA,NA
1994M03,NA,NA,NA,NA,NA,NA,NA,NA,NA,NA,NA,NA,NA,NA,NA,NA,NA,NA,NA,NA,NA,NA,NA,NA,NA,NA,NA,NA,NA,NA,NA,NA,NA,NA,NA,NA,NA,NA,NA,NA,NA,NA,NA,NA,NA,NA,NA,NA,NA,NA,NA,NA,NA,NA
1994M04,NA,NA,NA,NA,NA,NA,NA,NA,NA,NA,NA,NA,NA,NA,NA,NA,NA,NA,NA,NA,NA,NA,NA,NA,NA,NA,NA,NA,NA,NA,NA,NA,NA,NA,NA,NA,NA,NA,NA,NA,NA,NA,NA,NA,NA,NA,NA,NA,NA,NA,NA,NA,NA,NA
1994M05,NA,NA,NA,NA,NA,NA,NA,NA,NA,NA,NA,NA,NA,NA,NA,NA,NA,NA,NA,NA,NA,NA,NA,NA,NA,NA,NA,NA,NA,NA,NA,NA,NA,NA,NA,NA,NA,NA,NA,NA,NA,NA,NA,NA,NA,NA,NA,NA,NA,NA,NA,NA,NA,NA
1994M06,NA,85.90673,NA,102.7578,NA,NA,76.67646,NA,NA,NA,NA,NA,NA,NA,NA,NA,NA,NA,NA,NA,NA,NA,NA,NA,NA,NA,NA,NA,NA,NA,NA,NA,NA,NA,NA,NA,NA,NA,NA,NA,NA,NA,NA,NA,NA,NA,NA,NA,NA,NA,NA,NA,NA,NA
1994M07,NA,83.77376,NA,101.0361,NA,NA,76.96095,NA,NA,NA,NA,NA,NA,NA,NA,NA,NA,NA,NA,NA,NA,NA,NA,NA,NA,NA,NA,NA,NA,NA,NA,NA,NA,NA,NA,NA,NA,NA,NA,NA,NA,NA,NA,NA,NA,NA,NA,NA,NA,NA,NA,NA,NA,NA
1994M08,NA,87.02659,NA,92.42192,NA,NA,85.66999,NA,NA,NA,NA,NA,NA,NA,NA,NA,NA,NA,NA,NA,NA,NA,NA,NA,NA,NA,NA,NA,NA,NA,NA,NA,NA,NA,NA,NA,NA,NA,NA,NA,NA,NA,NA,NA,NA,NA,NA,NA,NA,NA,NA,NA,NA,NA
1994M09,NA,87.07971,NA,108.0714,NA,NA,90.55711,NA,NA,NA,NA,NA,NA,NA,NA,NA,NA,NA,NA,NA,NA,NA,NA,NA,NA,NA,NA,NA,NA,NA,NA,NA,NA,NA,NA,NA,NA,NA,NA,NA,NA,NA,NA,NA,NA,NA,NA,NA,NA,NA,NA,NA,NA,NA
1994M10,NA,86.38911,NA,112.5771,NA,NA,93.44034,NA,NA,NA,NA,NA,NA,NA,NA,NA,NA,NA,NA,NA,NA,NA,NA,NA,NA,NA,NA,NA,NA,NA,NA,NA,NA,NA,NA,NA,NA,NA,NA,NA,NA,NA,NA,NA,NA,NA,NA,NA,NA,NA,NA,NA,NA,NA
1994M11,NA,82.58004,NA,107.0775,NA,NA,90.71852,NA,NA,NA,NA,NA,NA,NA,NA,NA,NA,NA,NA,NA,NA,NA,NA,NA,NA,NA,NA,NA,NA,NA,NA,NA,NA,NA,NA,NA,NA,NA,NA,NA,NA,NA,NA,NA,NA,NA,NA,NA,NA,NA,NA,NA,NA,NA
1994M12,NA,81.87337,NA,111.3367,NA,NA,93.0838,NA,NA,NA,NA,NA,NA,NA,NA,NA,NA,NA,NA,NA,NA,NA,NA,NA,NA,NA,NA,NA,NA,NA,NA,NA,NA,NA,NA,NA,NA,NA,NA,NA,NA,NA,NA,NA,NA,NA,NA,NA,NA,NA,NA,NA,NA,NA
1995M01,NA,73.538,NA,100.8333,NA,NA,84.82216,NA,NA,NA,NA,NA,NA,NA,NA,NA,NA,NA,NA,NA,NA,NA,NA,NA,NA,NA,NA,NA,NA,NA,NA,NA,NA,NA,NA,NA,NA,NA,NA,NA,NA,NA,NA,NA,NA,NA,NA,NA,NA,NA,NA,NA,NA,NA
1995M02,NA,71.57465,NA,103.2624,NA,NA,83.28177,NA,NA,NA,NA,NA,NA,NA,NA,NA,NA,NA,NA,NA,NA,NA,NA,NA,NA,NA,NA,NA,NA,NA,NA,NA,NA,NA,NA,NA,NA,NA,NA,NA,NA,NA,NA,NA,NA,NA,NA,NA,NA,NA,NA,NA,NA,NA
1995M03,NA,65.80161,NA,92.42929,NA,NA,74.2869,NA,NA,NA,NA,NA,NA,NA,NA,NA,NA,NA,NA,NA,NA,NA,NA,NA,NA,NA,NA,NA,NA,NA,NA,NA,NA,NA,NA,NA,NA,NA,NA,NA,NA,NA,NA,NA,NA,NA,NA,NA,NA,NA,NA,NA,NA,NA
1995M04,NA,76.50008,NA,106.6725,NA,NA,79.54811,NA,NA,NA,NA,NA,NA,NA,NA,NA,NA,NA,NA,NA,NA,NA,NA,NA,NA,NA,NA,NA,NA,NA,NA,NA,NA,NA,NA,NA,NA,NA,NA,NA,NA,NA,NA,NA,NA,NA,NA,NA,NA,NA,NA,NA,NA,NA
1995M05,NA,84.50544,NA,118.949,NA,NA,90.7346,NA,NA,NA,NA,NA,NA,NA,NA,NA,NA,NA,NA,NA,NA,NA,NA,NA,NA,NA,NA,NA,NA,NA,NA,NA,NA,NA,NA,NA,NA,NA,NA,NA,NA,NA,NA,NA,NA,NA,NA,NA,NA,NA,NA,NA,NA,NA
1995M06,NA,82.31453,NA,120.3357,NA,NA,91.02999,NA,NA,NA,NA,NA,NA,NA,NA,NA,NA,NA,NA,NA,NA,NA,NA,NA,NA,NA,NA,NA,NA,NA,NA,NA,NA,NA,NA,NA,NA,NA,NA,NA,NA,NA,NA,NA,NA,NA,NA,NA,NA,NA,NA,NA,NA,NA
1995M07,NA,84.96495,NA,127.222,NA,NA,93.60086,NA,NA,NA,NA,NA,NA,NA,NA,NA,NA,NA,NA,NA,NA,NA,NA,NA,NA,NA,NA,NA,NA,NA,NA,NA,NA,NA,NA,NA,NA,NA,NA,NA,NA,NA,NA,NA,NA,NA,NA,NA,NA,NA,NA,NA,NA,NA
1995M08,NA,85.71116,NA,127.0933,NA,NA,94.66736,NA,NA,NA,NA,NA,NA,NA,NA,NA,NA,NA,NA,NA,NA,NA,NA,NA,NA,NA,NA,NA,NA,NA,NA,NA,NA,NA,NA,NA,NA,NA,NA,NA,NA,NA,NA,NA,NA,NA,NA,NA,NA,NA,NA,NA,NA,NA
1995M09,NA,86.29731,NA,132.7329,NA,NA,99.36514,NA,NA,NA,NA,NA,NA,NA,NA,NA,NA,NA,NA,NA,NA,NA,NA,NA,NA,NA,NA,NA,NA,NA,NA,NA,NA,NA,NA,NA,NA,NA,NA,NA,NA,NA,NA,NA,NA,NA,NA,NA,NA,NA,NA,NA,NA,NA
1995M10,NA,87.12528,NA,135.4988,NA,NA,102.6534,NA,NA,NA,NA,NA,NA,NA,NA,NA,NA,NA,NA,NA,NA,NA,NA,NA,NA,NA,NA,NA,NA,NA,NA,NA,NA,NA,NA,NA,NA,NA,NA,NA,NA,NA,NA,NA,NA,NA,NA,NA,NA,NA,NA,NA,NA,NA
1995M11,NA,88.33228,NA,135.4392,NA,NA,99.89789,NA,NA,NA,NA,NA,NA,NA,NA,NA,NA,NA,NA,NA,NA,NA,NA,NA,NA,NA,NA,NA,NA,NA,NA,NA,NA,NA,NA,NA,NA,NA,NA,NA,NA,NA,NA,NA,NA,NA,NA,NA,NA,NA,NA,NA,NA,NA
1995M12,NA,97.31029,NA,141.1412,NA,NA,104.7605,NA,NA,NA,NA,NA,NA,NA,NA,NA,NA,NA,NA,NA,NA,NA,NA,NA,NA,NA,NA,NA,NA,NA,NA,NA,NA,NA,NA,NA,NA,NA,NA,NA,NA,NA,NA,NA,NA,NA,NA,NA,NA,NA,NA,NA,NA,NA
1996M01,NA,104.0841,NA,158.5117,NA,NA,114.6728,NA,NA,NA,NA,NA,NA,NA,NA,NA,NA,NA,NA,NA,NA,NA,NA,NA,NA,NA,NA,NA,NA,NA,NA,NA,NA,NA,NA,NA,NA,NA,NA,NA,NA,NA,NA,NA,NA,NA,NA,NA,NA,NA,NA,NA,NA,NA
1996M02,NA,106.0158,NA,156.7166,NA,NA,119.3696,NA,NA,NA,NA,NA,NA,NA,NA,NA,NA,NA,NA,NA,NA,NA,NA,NA,NA,NA,NA,NA,NA,NA,NA,NA,NA,NA,NA,NA,NA,NA,NA,NA,NA,NA,NA,NA,NA,NA,NA,NA,NA,NA,NA,NA,NA,NA
1996M03,NA,100.6726,NA,143.6216,NA,NA,113.6262,NA,NA,NA,NA,NA,NA,NA,NA,NA,NA,NA,NA,NA,NA,NA,NA,NA,NA,NA,NA,NA,NA,NA,NA,NA,NA,NA,NA,NA,NA,NA,NA,NA,NA,NA,NA,NA,NA,NA,NA,NA,NA,NA,NA,NA,NA,NA
1996M04,NA,104.2208,NA,148.2047,NA,NA,116.9467,NA,NA,NA,NA,NA,NA,NA,NA,NA,NA,NA,NA,NA,NA,NA,NA,NA,NA,NA,NA,NA,NA,NA,NA,NA,NA,NA,NA,NA,NA,NA,NA,NA,NA,NA,NA,NA,NA,NA,NA,NA,NA,NA,NA,NA,NA,NA
1996M05,NA,108.1485,NA,149.6688,NA,NA,121.4415,NA,NA,NA,NA,NA,NA,NA,NA,NA,NA,NA,NA,NA,NA,NA,NA,NA,NA,NA,NA,NA,NA,NA,NA,NA,NA,NA,NA,NA,NA,NA,NA,NA,NA,NA,NA,NA,NA,NA,NA,NA,NA,NA,NA,NA,NA,NA
1996M06,NA,107.5495,NA,151.4656,NA,NA,122.709,NA,NA,NA,NA,NA,NA,NA,NA,NA,NA,NA,NA,NA,NA,NA,NA,NA,NA,NA,NA,NA,NA,NA,NA,NA,NA,NA,NA,NA,NA,NA,NA,NA,NA,NA,NA,NA,NA,NA,NA,NA,NA,NA,NA,NA,NA,NA
1996M07,NA,108.365,NA,157.5424,NA,NA,128.1092,NA,NA,NA,NA,NA,NA,NA,NA,NA,NA,NA,NA,NA,NA,NA,NA,NA,NA,NA,NA,NA,NA,NA,NA,NA,NA,NA,NA,NA,NA,NA,NA,NA,NA,NA,NA,NA,NA,NA,NA,NA,NA,NA,NA,NA,NA,NA
1996M08,NA,110.4214,NA,158.5573,NA,NA,131.6552,NA,NA,NA,NA,NA,NA,NA,NA,NA,NA,NA,NA,NA,NA,NA,NA,NA,NA,NA,NA,NA,NA,NA,NA,NA,NA,NA,NA,NA,NA,NA,NA,NA,NA,NA,NA,NA,NA,NA,NA,NA,NA,NA,NA,NA,NA,NA
1996M09,NA,115.2734,NA,148.9462,NA,NA,137.9313,NA,NA,NA,NA,NA,NA,NA,NA,NA,NA,NA,NA,NA,NA,NA,NA,NA,NA,NA,NA,NA,NA,NA,NA,NA,NA,NA,NA,NA,NA,NA,NA,NA,NA,NA,NA,NA,NA,NA,NA,NA,NA,NA,NA,NA,NA,NA
1996M10,NA,118.0327,NA,156.2559,NA,NA,141.1033,NA,NA,NA,NA,NA,NA,NA,NA,NA,NA,NA,NA,NA,NA,NA,NA,NA,NA,NA,NA,NA,NA,NA,NA,NA,NA,NA,NA,NA,NA,NA,NA,NA,NA,NA,NA,NA,NA,NA,NA,NA,NA,NA,NA,NA,NA,NA
1996M11,NA,122.4793,NA,166.5955,NA,NA,141.9601,NA,NA,NA,NA,NA,NA,NA,NA,NA,NA,NA,NA,NA,NA,NA,NA,NA,NA,NA,NA,NA,NA,NA,NA,NA,NA,NA,NA,NA,NA,NA,NA,NA,NA,NA,NA,NA,NA,NA,NA,NA,NA,NA,NA,NA,NA,NA
1996M12,NA,125.349,NA,180.9305,NA,NA,145.4384,NA,NA,NA,NA,NA,NA,NA,NA,NA,NA,NA,NA,NA,NA,NA,NA,NA,NA,NA,NA,NA,NA,NA,NA,NA,NA,NA,NA,NA,NA,NA,NA,NA,NA,NA,NA,NA,NA,NA,NA,NA,NA,NA,NA,NA,NA,NA
1997M01,NA,128.3545,NA,179.7021,NA,NA,150.1308,NA,NA,NA,NA,NA,NA,NA,NA,NA,NA,NA,NA,NA,NA,NA,NA,NA,NA,NA,NA,NA,NA,NA,NA,NA,NA,NA,NA,NA,NA,NA,NA,NA,NA,NA,NA,NA,NA,NA,NA,NA,NA,NA,NA,NA,NA,NA
1997M02,NA,133.7748,NA,203.1523,NA,NA,156.9556,NA,NA,NA,NA,NA,NA,NA,NA,NA,NA,NA,NA,NA,NA,NA,NA,NA,NA,NA,NA,NA,NA,NA,NA,NA,NA,NA,NA,NA,NA,NA,NA,NA,NA,NA,NA,NA,NA,NA,NA,NA,NA,NA,NA,NA,NA,NA
1997M03,NA,131.9434,NA,212.3282,NA,NA,153.8986,NA,NA,NA,NA,NA,NA,NA,NA,NA,NA,NA,NA,NA,NA,NA,NA,NA,NA,NA,NA,NA,NA,NA,NA,NA,NA,NA,NA,NA,NA,NA,NA,NA,NA,NA,NA,NA,NA,NA,NA,NA,NA,NA,NA,NA,NA,NA
1997M04,NA,131.5752,NA,210.8003,NA,NA,153.126,NA,NA,NA,NA,NA,NA,NA,NA,NA,NA,NA,NA,NA,NA,NA,NA,NA,NA,NA,NA,NA,NA,NA,NA,NA,NA,NA,NA,NA,NA,NA,NA,NA,NA,NA,NA,NA,NA,NA,NA,NA,NA,NA,NA,NA,NA,NA
1997M05,NA,137.2693,NA,237.0139,NA,NA,158.1394,NA,NA,NA,NA,NA,NA,NA,NA,NA,NA,NA,NA,NA,NA,NA,NA,NA,NA,NA,NA,NA,NA,NA,NA,NA,NA,NA,NA,NA,NA,NA,NA,NA,NA,NA,NA,NA,NA,NA,NA,NA,NA,NA,NA,NA,NA,NA
1997M06,NA,140.9492,NA,256.571,NA,NA,162.9766,NA,NA,NA,NA,NA,NA,NA,NA,NA,NA,NA,NA,NA,NA,NA,NA,NA,NA,NA,NA,NA,NA,NA,NA,NA,NA,NA,NA,NA,NA,NA,NA,NA,NA,NA,NA,NA,NA,NA,NA,NA,NA,NA,NA,NA,NA,NA
1997M07,NA,144.5446,NA,275.4219,NA,NA,166.8764,NA,NA,NA,NA,NA,NA,NA,NA,NA,NA,NA,NA,NA,NA,NA,NA,NA,NA,NA,NA,NA,NA,NA,NA,NA,NA,NA,NA,NA,NA,NA,NA,NA,NA,NA,NA,NA,NA,NA,NA,NA,NA,NA,NA,NA,NA,NA
1997M08,NA,147.0789,NA,287.3579,NA,NA,168.909,NA,NA,NA,NA,NA,NA,NA,NA,NA,NA,NA,NA,NA,NA,NA,NA,NA,NA,NA,NA,NA,NA,NA,NA,NA,NA,NA,NA,NA,NA,NA,NA,NA,NA,NA,NA,NA,NA,NA,NA,NA,NA,NA,NA,NA,NA,NA
1997M09,NA,148.0257,NA,293.5232,NA,NA,170.5314,NA,NA,NA,NA,NA,NA,NA,NA,NA,NA,NA,NA,NA,NA,NA,NA,NA,NA,NA,NA,NA,NA,NA,NA,NA,NA,NA,NA,NA,NA,NA,NA,NA,NA,NA,NA,NA,NA,NA,NA,NA,NA,NA,NA,NA,NA,NA
1997M10,NA,146.0644,NA,294.9989,NA,NA,169.6482,NA,NA,NA,NA,NA,NA,NA,NA,NA,NA,NA,NA,NA,NA,NA,NA,NA,NA,NA,NA,NA,NA,NA,NA,NA,NA,NA,NA,NA,NA,NA,NA,NA,NA,NA,NA,NA,NA,NA,NA,NA,NA,NA,NA,NA,NA,NA
1997M11,NA,136.9415,NA,264.2964,NA,NA,152.4682,NA,NA,NA,NA,NA,NA,NA,NA,NA,NA,NA,NA,NA,NA,NA,NA,NA,NA,NA,NA,NA,NA,NA,NA,NA,NA,NA,NA,NA,NA,NA,NA,NA,NA,NA,NA,NA,NA,NA,NA,NA,NA,NA,NA,NA,NA,NA
1997M12,NA,142.2223,NA,277.5539,NA,NA,160.5367,NA,NA,NA,NA,NA,NA,NA,NA,NA,NA,NA,NA,NA,NA,NA,NA,NA,NA,NA,NA,NA,NA,NA,NA,NA,NA,NA,NA,NA,NA,NA,NA,NA,NA,NA,NA,NA,NA,NA,NA,NA,NA,NA,NA,NA,NA,NA
1998M01,NA,144.1802,NA,274.2662,NA,NA,161.64,NA,NA,NA,NA,NA,NA,NA,NA,NA,NA,NA,NA,NA,NA,NA,NA,NA,NA,NA,NA,NA,NA,NA,NA,NA,NA,NA,NA,NA,NA,NA,NA,NA,NA,NA,NA,NA,NA,NA,NA,NA,NA,NA,NA,NA,NA,NA
1998M02,NA,149.1362,NA,289.7714,NA,NA,168.5917,NA,NA,NA,NA,NA,NA,NA,NA,NA,NA,NA,NA,NA,NA,NA,NA,NA,NA,NA,NA,NA,NA,NA,NA,NA,NA,NA,NA,NA,NA,NA,NA,NA,NA,NA,NA,NA,NA,NA,NA,NA,NA,NA,NA,NA,NA,NA
1998M03,NA,151.5954,NA,307.9645,NA,NA,174.3098,NA,NA,NA,NA,NA,NA,NA,NA,NA,NA,NA,NA,NA,NA,NA,NA,NA,NA,NA,NA,NA,NA,NA,NA,NA,NA,NA,NA,NA,NA,NA,NA,NA,NA,NA,NA,NA,NA,NA,NA,NA,NA,NA,NA,NA,NA,NA
1998M04,NA,152.0276,NA,313.2152,NA,NA,175.6517,NA,NA,NA,NA,NA,NA,NA,NA,NA,NA,NA,NA,NA,NA,NA,NA,NA,NA,NA,NA,NA,NA,NA,NA,NA,NA,NA,NA,NA,NA,NA,NA,NA,NA,NA,NA,NA,NA,NA,NA,NA,NA,NA,NA,NA,NA,NA
1998M05,NA,151.0205,NA,307.8283,NA,NA,171.3687,NA,NA,NA,NA,NA,NA,NA,NA,NA,NA,NA,NA,NA,NA,NA,NA,NA,NA,NA,NA,NA,NA,NA,NA,NA,NA,NA,NA,NA,NA,NA,NA,NA,NA,NA,NA,NA,NA,NA,NA,NA,NA,NA,NA,NA,NA,NA
1998M06,NA,150.816,NA,300.5931,NA,NA,165.9796,NA,NA,NA,NA,NA,NA,NA,NA,NA,NA,NA,NA,NA,NA,NA,NA,NA,NA,NA,NA,NA,NA,NA,NA,NA,NA,NA,NA,NA,NA,NA,NA,NA,NA,NA,NA,NA,NA,NA,NA,NA,NA,NA,NA,NA,NA,NA
1998M07,NA,153.7435,NA,299.8489,NA,NA,167.9629,NA,NA,NA,NA,NA,NA,NA,NA,NA,NA,NA,NA,NA,NA,NA,NA,NA,NA,NA,NA,NA,NA,NA,NA,NA,NA,NA,NA,NA,NA,NA,NA,NA,NA,NA,NA,NA,NA,NA,NA,NA,NA,NA,NA,NA,NA,NA
1998M08,NA,140.0517,NA,242.7842,NA,NA,147.2046,NA,NA,NA,NA,NA,NA,NA,NA,NA,NA,NA,NA,NA,NA,NA,NA,NA,NA,NA,NA,NA,NA,NA,NA,NA,NA,NA,NA,NA,NA,NA,NA,NA,NA,NA,NA,NA,NA,NA,NA,NA,NA,NA,NA,NA,NA,NA
1998M09,NA,127.4942,NA,214.0448,NA,NA,126.099,NA,NA,NA,NA,NA,NA,NA,NA,NA,NA,NA,NA,NA,NA,NA,NA,NA,NA,NA,NA,NA,NA,NA,NA,NA,NA,NA,NA,NA,NA,NA,NA,NA,NA,NA,NA,NA,NA,NA,NA,NA,NA,NA,NA,NA,NA,NA
1998M10,NA,141.2474,NA,255.5903,NA,NA,134.5739,NA,NA,NA,NA,NA,NA,NA,NA,NA,NA,NA,NA,NA,NA,NA,NA,NA,NA,NA,NA,NA,NA,NA,NA,NA,NA,NA,NA,NA,NA,NA,NA,NA,NA,NA,NA,NA,NA,NA,NA,NA,NA,NA,NA,NA,NA,NA
1998M11,NA,148.3421,NA,284.3094,NA,NA,149.1409,NA,NA,NA,NA,NA,NA,NA,NA,NA,NA,NA,NA,NA,NA,NA,NA,NA,NA,NA,NA,NA,NA,NA,NA,NA,NA,NA,NA,NA,NA,NA,NA,NA,NA,NA,NA,NA,NA,NA,NA,NA,NA,NA,NA,NA,NA,NA
1998M12,NA,149.0668,NA,281.742,NA,NA,140.7653,NA,NA,NA,NA,NA,NA,NA,NA,NA,NA,NA,NA,NA,NA,NA,NA,NA,NA,NA,NA,NA,NA,NA,NA,NA,NA,NA,NA,NA,NA,NA,NA,NA,NA,NA,NA,NA,NA,NA,NA,NA,NA,NA,NA,NA,NA,NA
1999M01,NA,143.7811,NA,278.4728,NA,NA,129.924,NA,NA,NA,NA,NA,NA,NA,NA,NA,NA,NA,NA,NA,NA,NA,NA,NA,NA,NA,NA,NA,NA,NA,NA,NA,NA,NA,NA,NA,NA,NA,NA,NA,NA,NA,NA,NA,NA,NA,NA,NA,NA,NA,NA,NA,NA,NA
1999M02,NA,146.9554,NA,291.7578,NA,NA,136.9444,NA,NA,NA,NA,NA,NA,NA,NA,NA,NA,NA,NA,NA,NA,NA,NA,NA,NA,NA,NA,NA,NA,NA,NA,NA,NA,NA,NA,NA,NA,NA,NA,NA,NA,NA,NA,NA,NA,NA,NA,NA,NA,NA,NA,NA,NA,NA
1999M03,NA,150.3981,NA,288.1032,NA,NA,143.6762,NA,NA,NA,NA,NA,NA,NA,NA,NA,NA,NA,NA,NA,NA,NA,NA,NA,NA,NA,NA,NA,NA,NA,NA,NA,NA,NA,NA,NA,NA,NA,NA,NA,NA,NA,NA,NA,NA,NA,NA,NA,NA,NA,NA,NA,NA,NA
1999M04,NA,156.9967,NA,284.8178,NA,NA,164.776,NA,NA,NA,NA,NA,NA,NA,NA,NA,NA,NA,NA,NA,NA,NA,NA,NA,NA,NA,NA,NA,NA,NA,NA,NA,NA,NA,NA,NA,NA,NA,NA,NA,NA,NA,NA,NA,NA,NA,NA,NA,NA,NA,NA,NA,NA,NA
1999M05,NA,153.4014,NA,291.5339,NA,NA,161.8291,NA,NA,NA,NA,NA,NA,NA,NA,NA,NA,NA,NA,NA,NA,NA,NA,NA,NA,NA,NA,NA,NA,NA,NA,NA,NA,NA,NA,NA,NA,NA,NA,NA,NA,NA,NA,NA,NA,NA,NA,NA,NA,NA,NA,NA,NA,NA
1999M06,NA,149.285,NA,292.6615,NA,NA,159.2766,NA,NA,NA,NA,NA,NA,NA,NA,NA,NA,NA,NA,NA,NA,NA,NA,NA,NA,NA,NA,NA,NA,NA,NA,NA,NA,NA,NA,NA,NA,NA,NA,NA,NA,NA,NA,NA,NA,NA,NA,NA,NA,NA,NA,NA,NA,NA
1999M07,NA,145.9426,NA,300.4246,NA,NA,159.0978,NA,NA,NA,NA,NA,NA,NA,NA,NA,NA,NA,NA,NA,NA,NA,NA,NA,NA,NA,NA,NA,NA,NA,NA,NA,NA,NA,NA,NA,NA,NA,NA,NA,NA,NA,NA,NA,NA,NA,NA,NA,NA,NA,NA,NA,NA,NA
1999M08,NA,147.6313,NA,297.3964,NA,NA,156.2929,NA,NA,NA,NA,NA,NA,NA,NA,NA,NA,NA,NA,NA,NA,NA,NA,NA,NA,NA,NA,NA,NA,NA,NA,NA,NA,NA,NA,NA,NA,NA,NA,NA,NA,NA,NA,NA,NA,NA,NA,NA,NA,NA,NA,NA,NA,NA
1999M09,NA,156.0915,NA,309.9973,NA,NA,164.0713,NA,NA,NA,NA,NA,NA,NA,NA,NA,NA,NA,NA,NA,NA,NA,NA,NA,NA,NA,NA,NA,NA,NA,NA,NA,NA,NA,NA,NA,NA,NA,NA,NA,NA,NA,NA,NA,NA,NA,NA,NA,NA,NA,NA,NA,NA,NA
1999M10,NA,159.6408,NA,325.2524,NA,NA,170.6438,NA,NA,NA,NA,NA,NA,NA,NA,NA,NA,NA,NA,NA,NA,NA,NA,NA,NA,NA,NA,NA,NA,NA,NA,NA,NA,NA,NA,NA,NA,NA,NA,NA,NA,NA,NA,NA,NA,NA,NA,NA,NA,NA,NA,NA,NA,NA
1999M11,NA,163.0837,NA,348.6261,NA,NA,182.37,NA,NA,NA,NA,NA,NA,NA,NA,NA,NA,NA,NA,NA,NA,NA,NA,NA,NA,NA,NA,NA,NA,NA,NA,NA,NA,NA,NA,NA,NA,NA,NA,NA,NA,NA,NA,NA,NA,NA,NA,NA,NA,NA,NA,NA,NA,NA
1999M12,NA,166.1142,NA,355.5598,NA,NA,191.2196,NA,NA,NA,NA,NA,NA,NA,NA,NA,NA,NA,NA,NA,NA,NA,NA,NA,NA,NA,NA,NA,NA,NA,NA,NA,NA,NA,NA,NA,NA,NA,NA,NA,NA,NA,NA,NA,NA,NA,NA,NA,NA,NA,NA,NA,NA,NA
2000M01,NA,167.4383,NA,360.4835,NA,NA,190.9872,NA,NA,NA,NA,NA,NA,NA,NA,NA,NA,NA,NA,NA,NA,NA,NA,NA,NA,NA,NA,NA,NA,NA,NA,NA,NA,NA,NA,NA,NA,NA,NA,NA,NA,NA,NA,NA,NA,NA,NA,NA,NA,NA,NA,NA,NA,NA
2000M02,NA,170.8829,NA,372.2516,NA,NA,194.2487,NA,NA,NA,NA,NA,NA,NA,NA,NA,NA,NA,NA,NA,NA,NA,NA,NA,NA,NA,NA,NA,NA,NA,NA,NA,NA,NA,NA,NA,NA,NA,NA,NA,NA,NA,NA,NA,NA,NA,NA,NA,NA,NA,NA,NA,NA,NA
2000M03,NA,175.7833,NA,377.714,NA,NA,202.7375,NA,NA,NA,NA,NA,NA,NA,NA,NA,NA,NA,NA,NA,NA,NA,NA,NA,NA,NA,NA,NA,NA,NA,NA,NA,NA,NA,NA,NA,NA,NA,NA,NA,NA,NA,NA,NA,NA,NA,NA,NA,NA,NA,NA,NA,NA,NA
2000M04,NA,175.0571,NA,360.3851,NA,NA,197.3476,NA,NA,NA,NA,NA,NA,NA,NA,NA,NA,NA,NA,NA,NA,NA,NA,NA,NA,NA,NA,NA,NA,NA,NA,NA,NA,NA,NA,NA,NA,NA,NA,NA,NA,NA,NA,NA,NA,NA,NA,NA,NA,NA,NA,NA,NA,NA
2000M05,NA,167.4442,NA,348.0908,NA,NA,192.1168,NA,NA,NA,NA,NA,NA,NA,NA,NA,NA,NA,NA,NA,NA,NA,NA,NA,NA,NA,NA,NA,NA,NA,NA,NA,NA,NA,NA,NA,NA,NA,NA,NA,NA,NA,NA,NA,NA,NA,NA,NA,NA,NA,NA,NA,NA,NA
2000M06,NA,172.1823,NA,369.6691,NA,NA,203.6525,NA,NA,NA,NA,NA,NA,NA,NA,NA,NA,NA,NA,NA,NA,NA,NA,NA,NA,NA,NA,NA,NA,NA,NA,NA,NA,NA,NA,NA,NA,NA,NA,NA,NA,NA,NA,NA,NA,NA,NA,NA,NA,NA,NA,NA,NA,NA
2000M07,NA,175.7748,NA,380.8675,NA,NA,208.032,NA,NA,NA,NA,NA,NA,NA,NA,NA,NA,NA,NA,NA,NA,NA,NA,NA,NA,NA,NA,NA,NA,NA,NA,NA,NA,NA,NA,NA,NA,NA,NA,NA,NA,NA,NA,NA,NA,NA,NA,NA,NA,NA,NA,NA,NA,NA
2000M08,NA,175.687,NA,388.4596,NA,NA,213.5374,NA,NA,NA,NA,NA,NA,NA,NA,NA,NA,NA,NA,NA,NA,NA,NA,NA,NA,NA,NA,NA,NA,NA,NA,NA,NA,NA,NA,NA,NA,NA,NA,NA,NA,NA,NA,NA,NA,NA,NA,NA,NA,NA,NA,NA,NA,NA
2000M09,NA,177.5957,NA,378.4414,NA,NA,215.65,NA,NA,NA,NA,NA,NA,NA,NA,NA,NA,NA,NA,NA,NA,NA,NA,NA,NA,NA,NA,NA,NA,NA,NA,NA,NA,NA,NA,NA,NA,NA,NA,NA,NA,NA,NA,NA,NA,NA,NA,NA,NA,NA,NA,NA,NA,NA
2000M10,NA,174.1338,NA,368.3366,NA,NA,212.4789,NA,NA,NA,NA,NA,NA,NA,NA,NA,NA,NA,NA,NA,NA,NA,NA,NA,NA,NA,NA,NA,NA,NA,NA,NA,NA,NA,NA,NA,NA,NA,NA,NA,NA,NA,NA,NA,NA,NA,NA,NA,NA,NA,NA,NA,NA,NA
2000M11,NA,169.0825,NA,362.275,NA,NA,209.5148,NA,NA,NA,NA,NA,NA,NA,NA,NA,NA,NA,NA,NA,NA,NA,NA,NA,NA,NA,NA,NA,NA,NA,NA,NA,NA,NA,NA,NA,NA,NA,NA,NA,NA,NA,NA,NA,NA,NA,NA,NA,NA,NA,NA,NA,NA,NA
2000M12,NA,178.1454,NA,371.5736,NA,NA,217.534,NA,NA,NA,NA,NA,NA,NA,NA,NA,NA,NA,NA,NA,NA,NA,NA,NA,NA,NA,NA,NA,NA,NA,NA,NA,NA,NA,NA,NA,NA,NA,NA,NA,NA,NA,NA,NA,NA,NA,NA,NA,NA,NA,NA,NA,NA,NA
2001M01,NA,188.0868,NA,387.9039,NA,NA,225.9964,NA,NA,NA,NA,NA,NA,NA,NA,NA,NA,NA,NA,NA,NA,NA,NA,NA,NA,NA,NA,NA,NA,NA,NA,NA,NA,NA,NA,NA,NA,NA,NA,NA,NA,NA,NA,NA,NA,NA,NA,NA,NA,NA,NA,NA,NA,NA
2001M02,NA,190.29,NA,387.0067,NA,NA,230.2012,NA,NA,NA,NA,NA,NA,NA,NA,NA,NA,NA,NA,NA,NA,NA,NA,NA,NA,NA,NA,NA,NA,NA,NA,NA,NA,NA,NA,NA,NA,NA,NA,NA,NA,NA,NA,NA,NA,NA,NA,NA,NA,NA,NA,NA,NA,NA
2001M03,NA,183.0946,NA,385.3865,NA,NA,227.3868,NA,NA,NA,NA,NA,NA,NA,NA,NA,NA,NA,NA,NA,NA,NA,NA,NA,NA,NA,NA,NA,NA,NA,NA,NA,NA,NA,NA,NA,NA,NA,NA,NA,NA,NA,NA,NA,NA,NA,NA,NA,NA,NA,NA,NA,NA,NA
2001M04,NA,174.7051,NA,383.1888,NA,NA,221.6557,NA,NA,NA,NA,NA,NA,NA,NA,NA,NA,NA,NA,NA,NA,NA,NA,NA,NA,NA,NA,NA,NA,NA,NA,NA,NA,NA,NA,NA,NA,NA,NA,NA,NA,NA,NA,NA,NA,NA,NA,NA,NA,NA,NA,NA,NA,NA
2001M05,NA,173.5822,NA,391.8107,NA,NA,218.4667,NA,NA,NA,NA,NA,NA,NA,NA,NA,NA,NA,NA,NA,NA,NA,NA,NA,NA,NA,NA,NA,NA,NA,NA,NA,NA,NA,NA,NA,NA,NA,NA,NA,NA,NA,NA,NA,NA,NA,NA,NA,NA,NA,NA,NA,NA,NA
2001M06,NA,179.6792,NA,411.3482,NA,NA,222.194,NA,NA,NA,NA,NA,NA,NA,NA,NA,NA,NA,NA,NA,NA,NA,NA,NA,NA,NA,NA,NA,NA,NA,NA,NA,NA,NA,NA,NA,NA,NA,NA,NA,NA,NA,NA,NA,NA,NA,NA,NA,NA,NA,NA,NA,NA,NA
2001M07,NA,146.0827,NA,406.0179,NA,NA,214.6759,NA,NA,NA,NA,NA,NA,NA,NA,NA,NA,NA,NA,NA,NA,NA,NA,NA,NA,NA,NA,NA,NA,NA,NA,NA,NA,NA,NA,NA,NA,NA,NA,NA,NA,NA,NA,NA,NA,NA,NA,NA,NA,NA,NA,NA,NA,NA
2001M08,NA,142.1261,NA,417.4481,NA,NA,217.6722,NA,NA,NA,NA,NA,NA,NA,NA,NA,NA,NA,NA,NA,NA,NA,NA,NA,NA,NA,NA,NA,NA,NA,NA,NA,NA,NA,NA,NA,NA,NA,NA,NA,NA,NA,NA,NA,NA,NA,NA,NA,NA,NA,NA,NA,NA,NA
2001M09,NA,141.8437,NA,420.1798,NA,NA,211.6165,NA,NA,NA,NA,NA,NA,NA,NA,NA,NA,NA,NA,NA,NA,NA,NA,NA,NA,NA,NA,NA,NA,NA,NA,NA,NA,NA,NA,NA,NA,NA,NA,NA,NA,NA,NA,NA,NA,NA,NA,NA,NA,NA,NA,NA,NA,NA
2001M10,NA,130.2071,NA,416.6276,NA,NA,206.226,NA,NA,NA,NA,NA,NA,NA,NA,NA,NA,NA,NA,NA,NA,NA,NA,NA,NA,NA,NA,NA,NA,NA,NA,NA,NA,NA,NA,NA,NA,NA,NA,NA,NA,NA,NA,NA,NA,NA,NA,NA,NA,NA,NA,NA,NA,NA
2001M11,NA,95.59433,NA,443.55,NA,NA,223.9993,NA,NA,NA,NA,NA,NA,NA,NA,NA,NA,NA,NA,NA,NA,NA,NA,NA,NA,NA,NA,NA,NA,NA,NA,NA,NA,NA,NA,NA,NA,NA,NA,NA,NA,NA,NA,NA,NA,NA,NA,NA,NA,NA,NA,NA,NA,NA
2001M12,NA,70.11432,NA,467.186,NA,NA,234.6331,NA,NA,NA,NA,NA,NA,NA,NA,NA,NA,NA,NA,NA,NA,NA,NA,NA,NA,NA,NA,NA,NA,NA,NA,NA,NA,NA,NA,NA,NA,NA,NA,NA,NA,NA,NA,NA,NA,NA,NA,NA,NA,NA,NA,NA,NA,NA
2002M01,NA,61.91912,NA,472.4873,NA,NA,242.0201,NA,NA,NA,NA,NA,NA,NA,NA,NA,NA,NA,NA,NA,NA,NA,NA,NA,NA,NA,NA,NA,NA,NA,NA,NA,NA,NA,NA,NA,NA,NA,NA,NA,NA,NA,NA,NA,NA,NA,NA,NA,NA,NA,NA,NA,NA,NA
2002M02,NA,63.97278,NA,473.3051,NA,NA,245.3534,NA,NA,NA,NA,NA,NA,NA,NA,NA,NA,NA,NA,NA,NA,NA,NA,NA,NA,NA,NA,NA,NA,NA,NA,NA,NA,NA,NA,NA,NA,NA,NA,NA,NA,NA,NA,NA,NA,NA,NA,NA,NA,NA,NA,NA,NA,NA
2002M03,NA,61.40462,NA,482.5473,NA,NA,256.3911,NA,NA,NA,NA,NA,NA,NA,NA,NA,NA,NA,NA,NA,NA,NA,NA,NA,NA,NA,NA,NA,NA,NA,NA,NA,NA,NA,NA,NA,NA,NA,NA,NA,NA,NA,NA,NA,NA,NA,NA,NA,NA,NA,NA,NA,NA,NA
2002M04,NA,59.28873,NA,486.8095,NA,NA,256.493,NA,NA,NA,NA,NA,NA,NA,NA,NA,NA,NA,NA,NA,NA,NA,NA,NA,NA,NA,NA,NA,NA,NA,NA,NA,NA,NA,NA,NA,NA,NA,NA,NA,NA,NA,NA,NA,NA,NA,NA,NA,NA,NA,NA,NA,NA,NA
2002M05,NA,56.61298,NA,492.7756,NA,NA,238.3803,NA,NA,NA,NA,NA,NA,NA,NA,NA,NA,NA,NA,NA,NA,NA,NA,NA,NA,NA,NA,NA,NA,NA,NA,NA,NA,NA,NA,NA,NA,NA,NA,NA,NA,NA,NA,NA,NA,NA,NA,NA,NA,NA,NA,NA,NA,NA
2002M06,NA,51.64076,NA,492.6468,NA,NA,206.2327,NA,NA,NA,NA,NA,NA,NA,NA,NA,NA,NA,NA,NA,NA,NA,NA,NA,NA,NA,NA,NA,NA,NA,NA,NA,NA,NA,NA,NA,NA,NA,NA,NA,NA,NA,NA,NA,NA,NA,NA,NA,NA,NA,NA,NA,NA,NA
2002M07,NA,49.13543,NA,488.6742,NA,NA,184.8596,NA,NA,NA,NA,NA,NA,NA,NA,NA,NA,NA,NA,NA,NA,NA,NA,NA,NA,NA,NA,NA,NA,NA,NA,NA,NA,NA,NA,NA,NA,NA,NA,NA,NA,NA,NA,NA,NA,NA,NA,NA,NA,NA,NA,NA,NA,NA
2002M08,NA,52.29777,NA,493.5281,NA,NA,176.867,NA,NA,NA,NA,NA,NA,NA,NA,NA,NA,NA,NA,NA,NA,NA,NA,NA,NA,NA,NA,NA,NA,NA,NA,NA,NA,NA,NA,NA,NA,NA,NA,NA,NA,NA,NA,NA,NA,NA,NA,NA,NA,NA,NA,NA,NA,NA
2002M09,NA,56.23579,NA,497.1029,NA,NA,185.6309,NA,NA,NA,NA,NA,NA,NA,NA,NA,NA,NA,NA,NA,NA,NA,NA,NA,NA,NA,NA,NA,NA,NA,NA,NA,NA,NA,NA,NA,NA,NA,NA,NA,NA,NA,NA,NA,NA,NA,NA,NA,NA,NA,NA,NA,NA,NA
2002M10,NA,54.32277,NA,504.0334,NA,NA,181.7107,NA,NA,NA,NA,NA,NA,NA,NA,NA,NA,NA,NA,NA,NA,NA,NA,NA,NA,NA,NA,NA,NA,NA,NA,NA,NA,NA,NA,NA,NA,NA,NA,NA,NA,NA,NA,NA,NA,NA,NA,NA,NA,NA,NA,NA,NA,NA
2002M11,NA,57.55194,NA,516.1333,NA,NA,205.1873,NA,NA,NA,NA,NA,NA,NA,NA,NA,NA,NA,NA,NA,NA,NA,NA,NA,NA,NA,NA,NA,NA,NA,NA,NA,NA,NA,NA,NA,NA,NA,NA,NA,NA,NA,NA,NA,NA,NA,NA,NA,NA,NA,NA,NA,NA,NA
2002M12,NA,57.10231,NA,522.8501,NA,NA,220.9629,NA,NA,NA,NA,NA,NA,NA,NA,NA,NA,NA,NA,NA,NA,NA,NA,NA,NA,NA,NA,NA,NA,NA,NA,NA,NA,NA,NA,NA,NA,NA,NA,NA,NA,NA,NA,NA,NA,NA,NA,NA,NA,NA,NA,NA,NA,NA
2003M01,NA,58.59465,NA,535.2952,NA,NA,239.1138,NA,NA,NA,NA,NA,NA,NA,NA,NA,NA,NA,NA,NA,NA,NA,NA,NA,NA,NA,NA,NA,NA,NA,NA,NA,NA,NA,NA,NA,NA,NA,NA,NA,NA,NA,NA,NA,NA,NA,NA,NA,NA,NA,NA,NA,NA,NA
2003M02,NA,58.57734,NA,542.6838,NA,NA,246.0337,NA,NA,NA,NA,NA,NA,NA,NA,NA,NA,NA,NA,NA,NA,NA,NA,NA,NA,NA,NA,NA,NA,NA,NA,NA,NA,NA,NA,NA,NA,NA,NA,NA,NA,NA,NA,NA,NA,NA,NA,NA,NA,NA,NA,NA,NA,NA
2003M03,NA,57.84172,NA,540.3467,NA,NA,269.7535,NA,NA,NA,NA,NA,NA,NA,NA,NA,NA,NA,NA,NA,NA,NA,NA,NA,NA,NA,NA,NA,NA,NA,NA,NA,NA,NA,NA,NA,NA,NA,NA,NA,NA,NA,NA,NA,NA,NA,NA,NA,NA,NA,NA,NA,NA,NA
2003M04,NA,65.09381,NA,542.6503,NA,NA,295.9754,NA,NA,NA,NA,NA,NA,NA,NA,NA,NA,NA,NA,NA,NA,NA,NA,NA,NA,NA,NA,NA,NA,NA,NA,NA,NA,NA,NA,NA,NA,NA,NA,NA,NA,NA,NA,NA,NA,NA,NA,NA,NA,NA,NA,NA,NA,NA
2003M05,NA,70.6729,NA,552.868,NA,NA,320.5811,NA,NA,NA,NA,NA,NA,NA,NA,NA,NA,NA,NA,NA,NA,NA,NA,NA,NA,NA,NA,NA,NA,NA,NA,NA,NA,NA,NA,NA,NA,NA,NA,NA,NA,NA,NA,NA,NA,NA,NA,NA,NA,NA,NA,NA,NA,NA
2003M06,NA,76.96981,NA,563.5087,NA,NA,331.8804,NA,NA,NA,NA,NA,NA,NA,NA,NA,NA,NA,NA,NA,NA,NA,NA,NA,NA,NA,NA,NA,NA,NA,NA,NA,NA,NA,NA,NA,NA,NA,NA,NA,NA,NA,NA,NA,NA,NA,NA,NA,NA,NA,NA,NA,NA,NA
2003M07,NA,74.66902,NA,552.7618,NA,NA,322.1904,NA,NA,NA,NA,NA,NA,NA,NA,NA,NA,NA,NA,NA,NA,NA,NA,NA,NA,NA,NA,NA,NA,NA,NA,NA,NA,NA,NA,NA,NA,NA,NA,NA,NA,NA,NA,NA,NA,NA,NA,NA,NA,NA,NA,NA,NA,NA
2003M08,NA,70.96068,NA,545.4656,NA,NA,318.4736,NA,NA,NA,NA,NA,NA,NA,NA,NA,NA,NA,NA,NA,NA,NA,NA,NA,NA,NA,NA,NA,NA,NA,NA,NA,NA,NA,NA,NA,NA,NA,NA,NA,NA,NA,NA,NA,NA,NA,NA,NA,NA,NA,NA,NA,NA,NA
2003M09,NA,71.87619,NA,554.3445,NA,NA,340.206,NA,NA,NA,NA,NA,NA,NA,NA,NA,NA,NA,NA,NA,NA,NA,NA,NA,NA,NA,NA,NA,NA,NA,NA,NA,NA,NA,NA,NA,NA,NA,NA,NA,NA,NA,NA,NA,NA,NA,NA,NA,NA,NA,NA,NA,NA,NA
2003M10,NA,69.35282,NA,562.3843,NA,NA,350.9843,NA,NA,NA,NA,NA,NA,NA,NA,NA,NA,NA,NA,NA,NA,NA,NA,NA,NA,NA,NA,NA,NA,NA,NA,NA,NA,NA,NA,NA,NA,NA,NA,NA,NA,NA,NA,NA,NA,NA,NA,NA,NA,NA,NA,NA,NA,NA
2003M11,NA,65.45835,NA,570.7329,NA,NA,363.7818,NA,NA,NA,NA,NA,NA,NA,NA,NA,NA,NA,NA,NA,NA,NA,NA,NA,NA,NA,NA,NA,NA,NA,NA,NA,NA,NA,NA,NA,NA,NA,NA,NA,NA,NA,NA,NA,NA,NA,NA,NA,NA,NA,NA,NA,NA,NA
2003M12,NA,67.91255,NA,577.6182,NA,NA,382.149,NA,NA,NA,NA,NA,NA,NA,NA,NA,NA,NA,NA,NA,NA,NA,NA,NA,NA,NA,NA,NA,NA,NA,NA,NA,NA,NA,NA,NA,NA,NA,NA,NA,NA,NA,NA,NA,NA,NA,NA,NA,NA,NA,NA,NA,NA,NA
2004M01,NA,69.05269,NA,583.6416,NA,NA,397.907,NA,NA,NA,NA,NA,NA,NA,NA,NA,NA,NA,NA,NA,NA,NA,NA,NA,NA,NA,NA,NA,NA,NA,NA,NA,NA,NA,NA,NA,NA,NA,NA,NA,NA,NA,NA,NA,NA,NA,NA,NA,NA,NA,NA,NA,NA,NA
2004M02,NA,69.19311,NA,582.838,NA,NA,378.4635,NA,NA,NA,NA,NA,NA,NA,NA,NA,NA,NA,NA,NA,NA,NA,NA,NA,NA,NA,NA,NA,NA,NA,NA,NA,NA,NA,NA,NA,NA,NA,NA,NA,NA,NA,NA,NA,NA,NA,NA,NA,NA,NA,NA,NA,NA,NA
2004M03,NA,72.3269,NA,590.3629,NA,NA,383.8719,NA,NA,NA,NA,NA,NA,NA,NA,NA,NA,NA,NA,NA,NA,NA,NA,NA,NA,NA,NA,NA,NA,NA,NA,NA,NA,NA,NA,NA,NA,NA,NA,NA,NA,NA,NA,NA,NA,NA,NA,NA,NA,NA,NA,NA,NA,NA
2004M04,NA,74.76515,NA,586.2892,NA,NA,370.5622,NA,NA,NA,NA,NA,NA,NA,NA,NA,NA,NA,NA,NA,NA,NA,NA,NA,NA,NA,NA,NA,NA,NA,NA,NA,NA,NA,NA,NA,NA,NA,NA,NA,NA,NA,NA,NA,NA,NA,NA,NA,NA,NA,NA,NA,NA,NA
2004M05,NA,72.89199,NA,576.1109,NA,NA,343.5812,NA,NA,NA,NA,NA,NA,NA,NA,NA,NA,NA,NA,NA,NA,NA,NA,NA,NA,NA,NA,NA,NA,NA,NA,NA,NA,NA,NA,NA,NA,NA,NA,NA,NA,NA,NA,NA,NA,NA,NA,NA,NA,NA,NA,NA,NA,NA
2004M06,NA,70.81953,NA,584.2471,NA,NA,355.2723,NA,NA,NA,NA,NA,NA,NA,NA,NA,NA,NA,NA,NA,NA,NA,NA,NA,NA,NA,NA,NA,NA,NA,NA,NA,NA,NA,NA,NA,NA,NA,NA,NA,NA,NA,NA,NA,NA,NA,NA,NA,NA,NA,NA,NA,NA,NA
2004M07,NA,72.18577,NA,598.2088,NA,NA,372.3936,NA,NA,NA,NA,NA,NA,NA,NA,NA,NA,NA,NA,NA,NA,NA,NA,NA,NA,NA,NA,NA,NA,NA,NA,NA,NA,NA,NA,NA,NA,NA,NA,NA,NA,NA,NA,NA,NA,NA,NA,NA,NA,NA,NA,NA,NA,NA
2004M08,NA,71.73727,NA,607.0463,NA,NA,389.6986,NA,NA,NA,NA,NA,NA,NA,NA,NA,NA,NA,NA,NA,NA,NA,NA,NA,NA,NA,NA,NA,NA,NA,NA,NA,NA,NA,NA,NA,NA,NA,NA,NA,NA,NA,NA,NA,NA,NA,NA,NA,NA,NA,NA,NA,NA,NA
2004M09,NA,72.73959,NA,614.3352,NA,NA,410.2541,NA,NA,NA,NA,NA,NA,NA,NA,NA,NA,NA,NA,NA,NA,NA,NA,NA,NA,NA,NA,NA,NA,NA,NA,NA,NA,NA,NA,NA,NA,NA,NA,NA,NA,NA,NA,NA,NA,NA,NA,NA,NA,NA,NA,NA,NA,NA
2004M10,NA,75.54647,NA,619.1331,NA,NA,418.0544,NA,NA,NA,NA,NA,NA,NA,NA,NA,NA,NA,NA,NA,NA,NA,NA,NA,NA,NA,NA,NA,NA,NA,NA,NA,NA,NA,NA,NA,NA,NA,NA,NA,NA,NA,NA,NA,NA,NA,NA,NA,NA,NA,NA,NA,NA,NA
2004M11,NA,79.10222,NA,623.3804,NA,NA,425.8345,NA,NA,NA,NA,NA,NA,NA,NA,NA,NA,NA,NA,NA,NA,NA,NA,NA,NA,NA,NA,NA,NA,NA,NA,NA,NA,NA,NA,NA,NA,NA,NA,NA,NA,NA,NA,NA,NA,NA,NA,NA,NA,NA,NA,NA,NA,NA
2004M12,NA,80.14318,NA,627.5924,NA,NA,438.5305,NA,NA,NA,NA,NA,NA,NA,NA,NA,NA,NA,NA,NA,NA,NA,NA,NA,NA,NA,NA,NA,NA,NA,NA,NA,NA,NA,NA,NA,NA,NA,NA,NA,NA,NA,NA,NA,NA,NA,NA,NA,NA,NA,NA,NA,NA,NA
2005M01,NA,78.79221,NA,632.3375,NA,NA,436.1331,NA,NA,NA,NA,NA,NA,NA,NA,NA,NA,NA,NA,NA,NA,NA,NA,NA,NA,NA,NA,NA,NA,NA,NA,NA,NA,NA,NA,NA,NA,NA,NA,NA,NA,NA,NA,NA,NA,NA,NA,NA,NA,NA,NA,NA,NA,NA
2005M02,NA,79.55843,NA,639.5909,NA,NA,445.6579,NA,NA,NA,NA,NA,NA,NA,NA,NA,NA,NA,NA,NA,NA,NA,NA,NA,NA,NA,NA,NA,NA,NA,NA,NA,NA,NA,NA,NA,NA,NA,NA,NA,NA,NA,NA,NA,NA,NA,NA,NA,NA,NA,NA,NA,NA,NA
2005M03,NA,79.83475,NA,629.2444,NA,NA,435.9656,NA,NA,NA,NA,NA,NA,NA,NA,NA,NA,NA,NA,NA,NA,NA,NA,NA,NA,NA,NA,NA,NA,NA,NA,NA,NA,NA,NA,NA,NA,NA,NA,NA,NA,NA,NA,NA,NA,NA,NA,NA,NA,NA,NA,NA,NA,NA
2005M04,NA,74.57341,NA,629.1628,NA,NA,435.1018,NA,NA,NA,NA,NA,NA,NA,NA,NA,NA,NA,NA,NA,NA,NA,NA,NA,NA,NA,NA,NA,NA,NA,NA,NA,NA,NA,NA,NA,NA,NA,NA,NA,NA,NA,NA,NA,NA,NA,NA,NA,NA,NA,NA,NA,NA,NA
2005M05,NA,73.16026,NA,638.4251,NA,NA,447.6216,NA,NA,NA,NA,NA,NA,NA,NA,NA,NA,NA,NA,NA,NA,NA,NA,NA,NA,NA,NA,NA,NA,NA,NA,NA,NA,NA,NA,NA,NA,NA,NA,NA,NA,NA,NA,NA,NA,NA,NA,NA,NA,NA,NA,NA,NA,NA
2005M06,NA,73.04587,NA,645.9311,NA,NA,458.6866,NA,NA,NA,NA,NA,NA,NA,NA,NA,NA,NA,NA,NA,NA,NA,NA,NA,NA,NA,NA,NA,NA,NA,NA,NA,NA,NA,NA,NA,NA,NA,NA,NA,NA,NA,NA,NA,NA,NA,NA,NA,NA,NA,NA,NA,NA,NA
2005M07,NA,77.79581,NA,642.2135,NA,NA,461.4861,NA,NA,NA,NA,NA,NA,NA,NA,NA,NA,NA,NA,NA,NA,NA,NA,NA,NA,NA,NA,NA,NA,NA,NA,NA,NA,NA,NA,NA,NA,NA,NA,NA,NA,NA,NA,NA,NA,NA,NA,NA,NA,NA,NA,NA,NA,NA
2005M08,NA,78.44919,NA,642.0069,NA,NA,463.5496,NA,NA,NA,NA,NA,NA,NA,NA,NA,NA,NA,NA,NA,NA,NA,NA,NA,NA,NA,NA,NA,NA,NA,NA,NA,NA,NA,NA,NA,NA,NA,NA,NA,NA,NA,NA,NA,NA,NA,NA,NA,NA,NA,NA,NA,NA,NA
2005M09,NA,81.58143,NA,649.0582,NA,NA,475.7659,NA,NA,NA,NA,NA,NA,NA,NA,NA,NA,NA,NA,NA,NA,NA,NA,NA,NA,NA,NA,NA,NA,NA,NA,NA,NA,NA,NA,NA,NA,NA,NA,NA,NA,NA,NA,NA,NA,NA,NA,NA,NA,NA,NA,NA,NA,NA
2005M10,NA,80.18681,NA,635.6358,NA,NA,471.867,NA,NA,NA,NA,NA,NA,NA,NA,NA,NA,NA,NA,NA,NA,NA,NA,NA,NA,NA,NA,NA,NA,NA,NA,NA,NA,NA,NA,NA,NA,NA,NA,NA,NA,NA,NA,NA,NA,NA,NA,NA,NA,NA,NA,NA,NA,NA
2005M11,NA,81.95972,NA,631.3786,NA,NA,480.1585,NA,NA,NA,NA,NA,NA,NA,NA,NA,NA,NA,NA,NA,NA,NA,NA,NA,NA,NA,NA,NA,NA,NA,NA,NA,NA,NA,NA,NA,NA,NA,NA,NA,NA,NA,NA,NA,NA,NA,NA,NA,NA,NA,NA,NA,NA,NA
2005M12,NA,82.2221,NA,638.0772,NA,NA,496.9711,NA,NA,NA,NA,NA,NA,NA,NA,NA,NA,NA,NA,NA,NA,NA,NA,NA,NA,NA,NA,NA,NA,NA,NA,NA,NA,NA,NA,NA,NA,NA,NA,NA,NA,NA,NA,NA,NA,NA,NA,NA,NA,NA,NA,NA,NA,NA
2006M01,NA,87.30419,NA,643.8824,NA,NA,513.4902,NA,NA,NA,NA,NA,NA,NA,NA,NA,NA,NA,NA,NA,NA,NA,NA,NA,NA,NA,NA,NA,NA,NA,NA,NA,NA,NA,NA,NA,NA,NA,NA,NA,NA,NA,NA,NA,NA,NA,NA,NA,NA,NA,NA,NA,NA,NA
2006M02,NA,96.16601,NA,643.4051,NA,NA,527.9488,NA,NA,NA,NA,NA,NA,NA,NA,NA,NA,NA,NA,NA,NA,NA,NA,NA,NA,NA,NA,NA,NA,NA,NA,NA,NA,NA,NA,NA,NA,NA,NA,NA,NA,NA,NA,NA,NA,NA,NA,NA,NA,NA,NA,NA,NA,NA
2006M03,NA,98.81882,NA,640.5094,NA,NA,528.1731,NA,NA,NA,NA,NA,NA,NA,NA,NA,NA,NA,NA,NA,NA,NA,NA,NA,NA,NA,NA,NA,NA,NA,NA,NA,NA,NA,NA,NA,NA,NA,NA,NA,NA,NA,NA,NA,NA,NA,NA,NA,NA,NA,NA,NA,NA,NA
2006M04,NA,97.47324,NA,631.6632,NA,NA,518.6203,NA,NA,NA,NA,NA,NA,NA,NA,NA,NA,NA,NA,NA,NA,NA,NA,NA,NA,NA,NA,NA,NA,NA,NA,NA,NA,NA,NA,NA,NA,NA,NA,NA,NA,NA,NA,NA,NA,NA,NA,NA,NA,NA,NA,NA,NA,NA
2006M05,NA,95.1984,NA,629.4727,NA,NA,512.6497,NA,NA,NA,NA,NA,NA,NA,NA,NA,NA,NA,NA,NA,NA,NA,NA,NA,NA,NA,NA,NA,NA,NA,NA,NA,NA,NA,NA,NA,NA,NA,NA,NA,NA,NA,NA,NA,NA,NA,NA,NA,NA,NA,NA,NA,NA,NA
2006M06,NA,91.71208,NA,628.3403,NA,NA,510.3877,NA,NA,NA,NA,NA,NA,NA,NA,NA,NA,NA,NA,NA,NA,NA,NA,NA,NA,NA,NA,NA,NA,NA,NA,NA,NA,NA,NA,NA,NA,NA,NA,NA,NA,NA,NA,NA,NA,NA,NA,NA,NA,NA,NA,NA,NA,NA
2006M07,NA,95.37445,NA,630.7004,NA,NA,525.4042,NA,NA,NA,NA,NA,NA,NA,NA,NA,NA,NA,NA,NA,NA,NA,NA,NA,NA,NA,NA,NA,NA,NA,NA,NA,NA,NA,NA,NA,NA,NA,NA,NA,NA,NA,NA,NA,NA,NA,NA,NA,NA,NA,NA,NA,NA,NA
2006M08,NA,103.1925,NA,645.7204,NA,NA,546.1976,NA,NA,NA,NA,NA,NA,NA,NA,NA,NA,NA,NA,NA,NA,NA,NA,NA,NA,NA,NA,NA,NA,NA,NA,NA,NA,NA,NA,NA,NA,NA,NA,NA,NA,NA,NA,NA,NA,NA,NA,NA,NA,NA,NA,NA,NA,NA
2006M09,NA,105.2336,NA,655.6646,NA,NA,551.9128,NA,NA,NA,NA,NA,NA,NA,NA,NA,NA,NA,NA,NA,NA,NA,NA,NA,NA,NA,NA,NA,NA,NA,NA,NA,NA,NA,NA,NA,NA,NA,NA,NA,NA,NA,NA,NA,NA,NA,NA,NA,NA,NA,NA,NA,NA,NA
2006M10,NA,110.1221,NA,660.8473,NA,NA,560.0613,NA,NA,NA,NA,NA,NA,NA,NA,NA,NA,NA,NA,NA,NA,NA,NA,NA,NA,NA,NA,NA,NA,NA,NA,NA,NA,NA,NA,NA,NA,NA,NA,NA,NA,NA,NA,NA,NA,NA,NA,NA,NA,NA,NA,NA,NA,NA
2006M11,NA,115.0097,NA,672.9432,NA,NA,569.2743,NA,NA,NA,NA,NA,NA,NA,NA,NA,NA,NA,NA,NA,NA,NA,NA,NA,NA,NA,NA,NA,NA,NA,NA,NA,NA,NA,NA,NA,NA,NA,NA,NA,NA,NA,NA,NA,NA,NA,NA,NA,NA,NA,NA,NA,NA,NA
2006M12,NA,122.2509,NA,682.8778,NA,NA,579.4314,NA,NA,NA,NA,NA,NA,NA,NA,NA,NA,NA,NA,NA,NA,NA,NA,NA,NA,NA,NA,NA,NA,NA,NA,NA,NA,NA,NA,NA,NA,NA,NA,NA,NA,NA,NA,NA,NA,NA,NA,NA,NA,NA,NA,NA,NA,NA
2007M01,NA,128.2216,NA,677.6994,NA,NA,581.0459,NA,NA,NA,NA,NA,NA,NA,NA,NA,NA,NA,NA,NA,NA,NA,NA,NA,NA,NA,NA,NA,NA,NA,NA,NA,NA,NA,NA,NA,NA,NA,NA,NA,NA,NA,NA,NA,NA,NA,NA,NA,NA,NA,NA,NA,NA,NA
2007M02,NA,128.6954,NA,680.3005,NA,NA,589.8039,NA,NA,NA,NA,NA,NA,NA,NA,NA,NA,NA,NA,NA,NA,NA,NA,NA,NA,NA,NA,NA,NA,NA,NA,NA,NA,NA,NA,NA,NA,NA,NA,NA,NA,NA,NA,NA,NA,NA,NA,NA,NA,NA,NA,NA,NA,NA
2007M03,NA,129.1924,NA,690.6451,NA,NA,597.9868,NA,NA,NA,NA,NA,NA,NA,NA,NA,NA,NA,NA,NA,NA,NA,NA,NA,NA,NA,NA,NA,NA,NA,NA,NA,NA,NA,NA,NA,NA,NA,NA,NA,NA,NA,NA,NA,NA,NA,NA,NA,NA,NA,NA,NA,NA,NA
2007M04,NA,125.4298,NA,691.2536,NA,NA,610.8771,NA,NA,NA,NA,NA,NA,NA,NA,NA,NA,NA,NA,NA,NA,NA,NA,NA,NA,NA,NA,NA,NA,NA,NA,NA,NA,NA,NA,NA,NA,NA,NA,NA,NA,NA,NA,NA,NA,NA,NA,NA,NA,NA,NA,NA,NA,NA
2007M05,NA,118.1055,NA,692.5559,NA,NA,614.3304,NA,NA,NA,NA,NA,NA,NA,NA,NA,NA,NA,NA,NA,NA,NA,NA,NA,NA,NA,NA,NA,NA,NA,NA,NA,NA,NA,NA,NA,NA,NA,NA,NA,NA,NA,NA,NA,NA,NA,NA,NA,NA,NA,NA,NA,NA,NA
2007M06,NA,112.1164,NA,681.4459,NA,NA,600.1546,NA,NA,NA,NA,NA,NA,NA,NA,NA,NA,NA,NA,NA,NA,NA,NA,NA,NA,NA,NA,NA,NA,NA,NA,NA,NA,NA,NA,NA,NA,NA,NA,NA,NA,NA,NA,NA,NA,NA,NA,NA,NA,NA,NA,NA,NA,NA
2007M07,NA,105.6053,NA,683.6089,NA,NA,598.1887,NA,NA,NA,NA,NA,NA,NA,NA,NA,NA,NA,NA,NA,NA,NA,NA,NA,NA,NA,NA,NA,NA,NA,NA,NA,NA,NA,NA,NA,NA,NA,NA,NA,NA,NA,NA,NA,NA,NA,NA,NA,NA,NA,NA,NA,NA,NA
2007M08,NA,95.66141,NA,693.6351,NA,NA,598.481,NA,NA,NA,NA,NA,NA,NA,NA,NA,NA,NA,NA,NA,NA,NA,NA,NA,NA,NA,NA,NA,NA,NA,NA,NA,NA,NA,NA,NA,NA,NA,NA,NA,NA,NA,NA,NA,NA,NA,NA,NA,NA,NA,NA,NA,NA,NA
2007M09,NA,102.2103,NA,704.4483,NA,NA,615.4691,NA,NA,NA,NA,NA,NA,NA,NA,NA,NA,NA,NA,NA,NA,NA,NA,NA,NA,NA,NA,NA,NA,NA,NA,NA,NA,NA,NA,NA,NA,NA,NA,NA,NA,NA,NA,NA,NA,NA,NA,NA,NA,NA,NA,NA,NA,NA
2007M10,NA,110.2839,NA,710.3415,NA,NA,629.6984,NA,NA,NA,NA,NA,NA,NA,NA,NA,NA,NA,NA,NA,NA,NA,NA,NA,NA,NA,NA,NA,NA,NA,NA,NA,NA,NA,NA,NA,NA,NA,NA,NA,NA,NA,NA,NA,NA,NA,NA,NA,NA,NA,NA,NA,NA,NA
2007M11,NA,111.4077,NA,716.8204,NA,NA,628.7901,NA,NA,NA,NA,NA,NA,NA,NA,NA,NA,NA,NA,NA,NA,NA,NA,NA,NA,NA,NA,NA,NA,NA,NA,NA,NA,NA,NA,NA,NA,NA,NA,NA,NA,NA,NA,NA,NA,NA,NA,NA,NA,NA,NA,NA,NA,NA
2007M12,NA,112.7606,NA,716.3053,NA,NA,632.9503,NA,NA,NA,NA,NA,NA,NA,NA,NA,NA,NA,NA,NA,NA,NA,NA,NA,NA,NA,NA,NA,NA,NA,NA,NA,NA,NA,NA,NA,NA,NA,NA,NA,NA,NA,NA,NA,NA,NA,NA,NA,NA,NA,NA,NA,NA,NA
2008M01,NA,110.5305,NA,730.4828,NA,NA,637.276,NA,NA,NA,NA,NA,NA,NA,NA,NA,NA,NA,NA,NA,NA,NA,NA,NA,NA,NA,NA,NA,NA,NA,NA,NA,NA,NA,NA,NA,NA,NA,NA,NA,NA,NA,NA,NA,NA,NA,NA,NA,NA,NA,NA,NA,NA,NA
2008M02,NA,105.3518,NA,729.0431,NA,NA,631.5978,NA,NA,NA,NA,NA,NA,NA,NA,NA,NA,NA,NA,NA,NA,NA,NA,NA,NA,NA,NA,NA,NA,NA,NA,NA,NA,NA,NA,NA,NA,NA,NA,NA,NA,NA,NA,NA,NA,NA,NA,NA,NA,NA,NA,NA,NA,NA
2008M03,NA,101.7047,NA,728.9717,NA,NA,635.0728,NA,NA,NA,NA,NA,NA,NA,NA,NA,NA,NA,NA,NA,NA,NA,NA,NA,NA,NA,NA,NA,NA,NA,NA,NA,NA,NA,NA,NA,NA,NA,NA,NA,NA,NA,NA,NA,NA,NA,NA,NA,NA,NA,NA,NA,NA,NA
2008M04,NA,98.66946,NA,737.6485,NA,NA,648.8721,NA,NA,NA,NA,NA,NA,NA,NA,NA,NA,NA,NA,NA,NA,NA,NA,NA,NA,NA,NA,NA,NA,NA,NA,NA,NA,NA,NA,NA,NA,NA,NA,NA,NA,NA,NA,NA,NA,NA,NA,NA,NA,NA,NA,NA,NA,NA
2008M05,NA,98.04742,NA,742.3373,NA,NA,661.529,NA,NA,NA,NA,NA,NA,NA,NA,NA,NA,NA,NA,NA,NA,NA,NA,NA,NA,NA,NA,NA,NA,NA,NA,NA,NA,NA,NA,NA,NA,NA,NA,NA,NA,NA,NA,NA,NA,NA,NA,NA,NA,NA,NA,NA,NA,NA
2008M06,NA,96.26091,NA,730.2296,NA,NA,661.3803,NA,NA,NA,NA,NA,NA,NA,NA,NA,NA,NA,NA,NA,NA,NA,NA,NA,NA,NA,NA,NA,NA,NA,NA,NA,NA,NA,NA,NA,NA,NA,NA,NA,NA,NA,NA,NA,NA,NA,NA,NA,NA,NA,NA,NA,NA,NA
2008M07,NA,91.7831,NA,722.2178,NA,NA,650.7132,NA,NA,NA,NA,NA,NA,NA,NA,NA,NA,NA,NA,NA,NA,NA,NA,NA,NA,NA,NA,NA,NA,NA,NA,NA,NA,NA,NA,NA,NA,NA,NA,NA,NA,NA,NA,NA,NA,NA,NA,NA,NA,NA,NA,NA,NA,NA
2008M08,NA,89.69356,NA,720.5357,NA,NA,657.2328,NA,NA,NA,NA,NA,NA,NA,NA,NA,NA,NA,NA,NA,NA,NA,NA,NA,NA,NA,NA,NA,NA,NA,NA,NA,NA,NA,NA,NA,NA,NA,NA,NA,NA,NA,NA,NA,NA,NA,NA,NA,NA,NA,NA,NA,NA,NA
2008M09,NA,81.96647,NA,723.9281,NA,NA,644.8529,NA,NA,NA,NA,NA,NA,NA,NA,NA,NA,NA,NA,NA,NA,NA,NA,NA,NA,NA,NA,NA,NA,NA,NA,NA,NA,NA,NA,NA,NA,NA,NA,NA,NA,NA,NA,NA,NA,NA,NA,NA,NA,NA,NA,NA,NA,NA
2008M10,NA,48.98113,NA,657.5149,NA,NA,562.8375,NA,NA,NA,NA,NA,NA,NA,NA,NA,NA,NA,NA,NA,NA,NA,NA,NA,NA,NA,NA,NA,NA,NA,NA,NA,NA,NA,NA,NA,NA,NA,NA,NA,NA,NA,NA,NA,NA,NA,NA,NA,NA,NA,NA,NA,NA,NA
2008M11,NA,40.64781,NA,616.0997,NA,NA,585.079,NA,NA,NA,NA,NA,NA,NA,NA,NA,NA,NA,NA,NA,NA,NA,NA,NA,NA,NA,NA,NA,NA,NA,NA,NA,NA,NA,NA,NA,NA,NA,NA,NA,NA,NA,NA,NA,NA,NA,NA,NA,NA,NA,NA,NA,NA,NA
2008M12,NA,42.75383,NA,634.3741,NA,NA,635.1263,NA,NA,NA,NA,NA,NA,NA,NA,NA,NA,NA,NA,NA,NA,NA,NA,NA,NA,NA,NA,NA,NA,NA,NA,NA,NA,NA,NA,NA,NA,NA,NA,NA,NA,NA,NA,NA,NA,NA,NA,NA,NA,NA,NA,NA,NA,NA
2009M01,NA,51.10052,NA,669.8345,NA,NA,654.5146,NA,NA,NA,NA,NA,NA,NA,NA,NA,NA,NA,NA,NA,NA,NA,NA,NA,NA,NA,NA,NA,NA,NA,NA,NA,NA,NA,NA,NA,NA,NA,NA,NA,NA,NA,NA,NA,NA,NA,NA,NA,NA,NA,NA,NA,NA,NA
2009M02,NA,48.34083,NA,677.6659,NA,NA,637.9855,NA,NA,NA,NA,NA,NA,NA,NA,NA,NA,NA,NA,NA,NA,NA,NA,NA,NA,NA,NA,NA,NA,NA,NA,NA,NA,NA,NA,NA,NA,NA,NA,NA,NA,NA,NA,NA,NA,NA,NA,NA,NA,NA,NA,NA,NA,NA
2009M03,NA,43.0128,NA,668.138,NA,NA,639.3966,NA,NA,NA,NA,NA,NA,NA,NA,NA,NA,NA,NA,NA,NA,NA,NA,NA,NA,NA,NA,NA,NA,NA,NA,NA,NA,NA,NA,NA,NA,NA,NA,NA,NA,NA,NA,NA,NA,NA,NA,NA,NA,NA,NA,NA,NA,NA
2009M04,NA,45.94953,NA,702.7772,NA,NA,663.4589,NA,NA,NA,NA,NA,NA,NA,NA,NA,NA,NA,NA,NA,NA,NA,NA,NA,NA,NA,NA,NA,NA,NA,NA,NA,NA,NA,NA,NA,NA,NA,NA,NA,NA,NA,NA,NA,NA,NA,NA,NA,NA,NA,NA,NA,NA,NA
2009M05,NA,55.69131,NA,725.1601,NA,NA,680.9878,NA,NA,NA,NA,NA,NA,NA,NA,NA,NA,NA,NA,NA,NA,NA,NA,NA,NA,NA,NA,NA,NA,NA,NA,NA,NA,NA,NA,NA,NA,NA,NA,NA,NA,NA,NA,NA,NA,NA,NA,NA,NA,NA,NA,NA,NA,NA
2009M06,NA,68.27979,NA,724.5068,NA,NA,681.9829,NA,NA,NA,NA,NA,NA,NA,NA,NA,NA,NA,NA,NA,NA,NA,NA,NA,NA,NA,NA,NA,NA,NA,NA,NA,NA,NA,NA,NA,NA,NA,NA,NA,NA,NA,NA,NA,NA,NA,NA,NA,NA,NA,NA,NA,NA,NA
2009M07,NA,75.92521,NA,727.9974,NA,NA,699.8646,NA,NA,NA,NA,NA,NA,NA,NA,NA,NA,NA,NA,NA,NA,NA,NA,NA,NA,NA,NA,NA,NA,NA,NA,NA,NA,NA,NA,NA,NA,NA,NA,NA,NA,NA,NA,NA,NA,NA,NA,NA,NA,NA,NA,NA,NA,NA
2009M08,NA,86.05365,NA,754.3267,NA,NA,712.0148,NA,NA,NA,NA,NA,NA,NA,NA,NA,NA,NA,NA,NA,NA,NA,NA,NA,NA,NA,NA,NA,NA,NA,NA,NA,NA,NA,NA,NA,NA,NA,NA,NA,NA,NA,NA,NA,NA,NA,NA,NA,NA,NA,NA,NA,NA,NA
2009M09,NA,94.98317,NA,787.1261,NA,NA,733.2025,NA,NA,NA,NA,NA,NA,NA,NA,NA,NA,NA,NA,NA,NA,NA,NA,NA,NA,NA,NA,NA,NA,NA,NA,NA,NA,NA,NA,NA,NA,NA,NA,NA,NA,NA,NA,NA,NA,NA,NA,NA,NA,NA,NA,NA,NA,NA
2009M10,NA,106.8838,NA,814.2125,NA,NA,745.5982,NA,NA,NA,NA,NA,NA,NA,NA,NA,NA,NA,NA,NA,NA,NA,NA,NA,NA,NA,NA,NA,NA,NA,NA,NA,NA,NA,NA,NA,NA,NA,NA,NA,NA,NA,NA,NA,NA,NA,NA,NA,NA,NA,NA,NA,NA,NA
2009M11,NA,105.3534,NA,823.1273,NA,NA,749.8648,NA,NA,NA,NA,NA,NA,NA,NA,NA,NA,NA,NA,NA,NA,NA,NA,NA,NA,NA,NA,NA,NA,NA,NA,NA,NA,NA,NA,NA,NA,NA,NA,NA,NA,NA,NA,NA,NA,NA,NA,NA,NA,NA,NA,NA,NA,NA
2009M12,NA,105.215,NA,831.8907,NA,NA,751.5132,NA,NA,NA,NA,NA,NA,NA,NA,NA,NA,NA,NA,NA,NA,NA,NA,NA,NA,NA,NA,NA,NA,NA,NA,NA,NA,NA,NA,NA,NA,NA,NA,NA,NA,NA,NA,NA,NA,NA,NA,NA,NA,NA,NA,NA,NA,NA
2010M01,NA,105.6088,NA,830.6528,NA,NA,746.2144,NA,NA,NA,NA,NA,NA,NA,NA,NA,NA,NA,NA,NA,NA,NA,NA,NA,NA,NA,NA,NA,NA,NA,NA,NA,NA,NA,NA,NA,NA,NA,NA,NA,NA,NA,NA,NA,NA,NA,NA,NA,NA,NA,NA,NA,NA,NA
2010M02,NA,99.08363,NA,823.5194,NA,NA,742.7924,NA,NA,NA,NA,NA,NA,NA,NA,NA,NA,NA,NA,NA,NA,NA,NA,NA,NA,NA,NA,NA,NA,NA,NA,NA,NA,NA,NA,NA,NA,NA,NA,NA,NA,NA,NA,NA,NA,NA,NA,NA,NA,NA,NA,NA,NA,NA
2010M03,NA,108.0852,NA,840.2721,NA,NA,763.6638,NA,NA,NA,NA,NA,NA,NA,NA,NA,NA,NA,NA,NA,NA,NA,NA,NA,NA,NA,NA,NA,NA,NA,NA,NA,NA,NA,NA,NA,NA,NA,NA,NA,NA,NA,NA,NA,NA,NA,NA,NA,NA,NA,NA,NA,NA,NA
2010M04,NA,116.2177,NA,856.2672,NA,NA,769.0727,NA,NA,NA,NA,NA,NA,NA,NA,NA,NA,NA,NA,NA,NA,NA,NA,NA,NA,NA,NA,NA,NA,NA,NA,NA,NA,NA,NA,NA,NA,NA,NA,NA,NA,NA,NA,NA,NA,NA,NA,NA,NA,NA,NA,NA,NA,NA
2010M05,NA,107.2921,NA,830.8596,NA,NA,770.0704,NA,NA,NA,NA,NA,NA,NA,NA,NA,NA,NA,NA,NA,NA,NA,NA,NA,NA,NA,NA,NA,NA,NA,NA,NA,NA,NA,NA,NA,NA,NA,NA,NA,NA,NA,NA,NA,NA,NA,NA,NA,NA,NA,NA,NA,NA,NA
2010M06,NA,106.4789,NA,822.0359,NA,NA,778.5485,NA,NA,NA,NA,NA,NA,NA,NA,NA,NA,NA,NA,NA,NA,NA,NA,NA,NA,NA,NA,NA,NA,NA,NA,NA,NA,NA,NA,NA,NA,NA,NA,NA,NA,NA,NA,NA,NA,NA,NA,NA,NA,NA,NA,NA,NA,NA
2010M07,NA,115.2105,NA,845.5912,NA,NA,802.5696,NA,NA,NA,NA,NA,NA,NA,NA,NA,NA,NA,NA,NA,NA,NA,NA,NA,NA,NA,NA,NA,NA,NA,NA,NA,NA,NA,NA,NA,NA,NA,NA,NA,NA,NA,NA,NA,NA,NA,NA,NA,NA,NA,NA,NA,NA,NA
2010M08,NA,125.3954,NA,866.0767,NA,NA,835.2575,NA,NA,NA,NA,NA,NA,NA,NA,NA,NA,NA,NA,NA,NA,NA,NA,NA,NA,NA,NA,NA,NA,NA,NA,NA,NA,NA,NA,NA,NA,NA,NA,NA,NA,NA,NA,NA,NA,NA,NA,NA,NA,NA,NA,NA,NA,NA
2010M09,NA,128.1627,NA,878.0884,NA,NA,838.093,NA,NA,NA,NA,NA,NA,NA,NA,NA,NA,NA,NA,NA,NA,NA,NA,NA,NA,NA,NA,NA,NA,NA,NA,NA,NA,NA,NA,NA,NA,NA,NA,NA,NA,NA,NA,NA,NA,NA,NA,NA,NA,NA,NA,NA,NA,NA
2010M10,NA,141.0973,NA,892.93,NA,NA,861.333,NA,NA,NA,NA,NA,NA,NA,NA,NA,NA,NA,NA,NA,NA,NA,NA,NA,NA,NA,NA,NA,NA,NA,NA,NA,NA,NA,NA,NA,NA,NA,NA,NA,NA,NA,NA,NA,NA,NA,NA,NA,NA,NA,NA,NA,NA,NA
2010M11,NA,148.1379,NA,901.4508,NA,NA,849.3667,NA,NA,NA,NA,NA,NA,NA,NA,NA,NA,NA,NA,NA,NA,NA,NA,NA,NA,NA,NA,NA,NA,NA,NA,NA,NA,NA,NA,NA,NA,NA,NA,NA,NA,NA,NA,NA,NA,NA,NA,NA,NA,NA,NA,NA,NA,NA
2010M12,NA,146.5637,NA,894.8414,NA,NA,823.0145,NA,NA,NA,NA,NA,NA,NA,NA,NA,NA,NA,NA,NA,NA,NA,NA,NA,NA,NA,NA,NA,NA,NA,NA,NA,NA,NA,NA,NA,NA,NA,NA,NA,NA,NA,NA,NA,NA,NA,NA,NA,NA,NA,NA,NA,NA,NA
2011M01,NA,150.3286,NA,893.1386,NA,NA,826.5776,NA,NA,NA,NA,NA,NA,NA,NA,NA,NA,NA,NA,NA,NA,NA,NA,NA,NA,NA,NA,NA,NA,NA,NA,NA,NA,NA,NA,NA,NA,NA,NA,NA,NA,NA,NA,NA,NA,NA,NA,NA,NA,NA,NA,NA,NA,NA
2011M02,NA,142.1236,NA,891.8096,NA,NA,814.3989,NA,NA,NA,NA,NA,NA,NA,NA,NA,NA,NA,NA,NA,NA,NA,NA,NA,NA,NA,NA,NA,NA,NA,NA,NA,NA,NA,NA,NA,NA,NA,NA,NA,NA,NA,NA,NA,NA,NA,NA,NA,NA,NA,NA,NA,NA,NA
2011M03,NA,142.483,NA,904.0652,NA,NA,824.4552,NA,NA,NA,NA,NA,NA,NA,NA,NA,NA,NA,NA,NA,NA,NA,NA,NA,NA,NA,NA,NA,NA,NA,NA,NA,NA,NA,NA,NA,NA,NA,NA,NA,NA,NA,NA,NA,NA,NA,NA,NA,NA,NA,NA,NA,NA,NA
2011M04,NA,147.7478,NA,910.8025,NA,NA,827.9122,NA,NA,NA,NA,NA,NA,NA,NA,NA,NA,NA,NA,NA,NA,NA,NA,NA,NA,NA,NA,NA,NA,NA,NA,NA,NA,NA,NA,NA,NA,NA,NA,NA,NA,NA,NA,NA,NA,NA,NA,NA,NA,NA,NA,NA,NA,NA
2011M05,NA,146.0784,NA,920.398,NA,NA,850.414,NA,NA,NA,NA,NA,NA,NA,NA,NA,NA,NA,NA,NA,NA,NA,NA,NA,NA,NA,NA,NA,NA,NA,NA,NA,NA,NA,NA,NA,NA,NA,NA,NA,NA,NA,NA,NA,NA,NA,NA,NA,NA,NA,NA,NA,NA,NA
2011M06,NA,145.9092,NA,926.5039,NA,NA,862.1525,NA,NA,NA,NA,NA,NA,NA,NA,NA,NA,NA,NA,NA,NA,NA,NA,NA,NA,NA,NA,NA,NA,NA,NA,NA,NA,NA,NA,NA,NA,NA,NA,NA,NA,NA,NA,NA,NA,NA,NA,NA,NA,NA,NA,NA,NA,NA
2011M07,NA,148.2919,NA,922.9273,NA,NA,870.5801,NA,NA,NA,NA,NA,NA,NA,NA,NA,NA,NA,NA,NA,NA,NA,NA,NA,NA,NA,NA,NA,NA,NA,NA,NA,NA,NA,NA,NA,NA,NA,NA,NA,NA,NA,NA,NA,NA,NA,NA,NA,NA,NA,NA,NA,NA,NA
2011M08,NA,142.038,NA,924.0433,NA,NA,895.8095,NA,NA,NA,NA,NA,NA,NA,NA,NA,NA,NA,NA,NA,NA,NA,NA,NA,NA,NA,NA,NA,NA,NA,NA,NA,NA,NA,NA,NA,NA,NA,NA,NA,NA,NA,NA,NA,NA,NA,NA,NA,NA,NA,NA,NA,NA,NA
2011M09,NA,129.8729,NA,918.781,NA,NA,895.6662,NA,NA,NA,NA,NA,NA,NA,NA,NA,NA,NA,NA,NA,NA,NA,NA,NA,NA,NA,NA,NA,NA,NA,NA,NA,NA,NA,NA,NA,NA,NA,NA,NA,NA,NA,NA,NA,NA,NA,NA,NA,NA,NA,NA,NA,NA,NA
2011M10,NA,126.5483,NA,907.383,NA,NA,895.7638,NA,NA,NA,NA,NA,NA,NA,NA,NA,NA,NA,NA,NA,NA,NA,NA,NA,NA,NA,NA,NA,NA,NA,NA,NA,NA,NA,NA,NA,NA,NA,NA,NA,NA,NA,NA,NA,NA,NA,NA,NA,NA,NA,NA,NA,NA,NA
2011M11,NA,130.3572,NA,913.4344,NA,NA,914.5732,NA,NA,NA,NA,NA,NA,NA,NA,NA,NA,NA,NA,NA,NA,NA,NA,NA,NA,NA,NA,NA,NA,NA,NA,NA,NA,NA,NA,NA,NA,NA,NA,NA,NA,NA,NA,NA,NA,NA,NA,NA,NA,NA,NA,NA,NA,NA
2011M12,NA,128.5223,NA,913.8819,NA,NA,927.4052,NA,NA,NA,NA,NA,NA,NA,NA,NA,NA,NA,NA,NA,NA,NA,NA,NA,NA,NA,NA,NA,NA,NA,NA,NA,NA,NA,NA,NA,NA,NA,NA,NA,NA,NA,NA,NA,NA,NA,NA,NA,NA,NA,NA,NA,NA,NA
2012M01,NA,138.0693,NA,922.8249,NA,NA,930.3247,NA,NA,NA,NA,NA,NA,NA,NA,NA,NA,NA,NA,NA,NA,NA,NA,NA,NA,NA,NA,NA,NA,NA,NA,NA,NA,NA,NA,NA,NA,NA,NA,NA,NA,NA,NA,NA,NA,NA,NA,NA,NA,NA,NA,NA,NA,NA
2012M02,NA,142.6413,NA,937.8582,NA,NA,943.987,NA,NA,NA,NA,NA,NA,NA,NA,NA,NA,NA,NA,NA,NA,NA,NA,NA,NA,NA,NA,NA,NA,NA,NA,NA,NA,NA,NA,NA,NA,NA,NA,NA,NA,NA,NA,NA,NA,NA,NA,NA,NA,NA,NA,NA,NA,NA
2012M03,NA,141.6905,NA,948.1342,NA,NA,951.8959,NA,NA,NA,NA,NA,NA,NA,NA,NA,NA,NA,NA,NA,NA,NA,NA,NA,NA,NA,NA,NA,NA,NA,NA,NA,NA,NA,NA,NA,NA,NA,NA,NA,NA,NA,NA,NA,NA,NA,NA,NA,NA,NA,NA,NA,NA,NA
2012M04,NA,128.4322,NA,947.4161,NA,NA,959.324,NA,NA,NA,NA,NA,NA,NA,NA,NA,NA,NA,NA,NA,NA,NA,NA,NA,NA,NA,NA,NA,NA,NA,NA,NA,NA,NA,NA,NA,NA,NA,NA,NA,NA,NA,NA,NA,NA,NA,NA,NA,NA,NA,NA,NA,NA,NA
2012M05,NA,120.2509,NA,949.5129,NA,NA,961.4821,NA,NA,NA,NA,NA,NA,NA,NA,NA,NA,NA,NA,NA,NA,NA,NA,NA,NA,NA,NA,NA,NA,NA,NA,NA,NA,NA,NA,NA,NA,NA,NA,NA,NA,NA,NA,NA,NA,NA,NA,NA,NA,NA,NA,NA,NA,NA
2012M06,NA,119.7086,NA,947.2996,NA,NA,976.269,NA,NA,NA,NA,NA,NA,NA,NA,NA,NA,NA,NA,NA,NA,NA,NA,NA,NA,NA,NA,NA,NA,NA,NA,NA,NA,NA,NA,NA,NA,NA,NA,NA,NA,NA,NA,NA,NA,NA,NA,NA,NA,NA,NA,NA,NA,NA
2012M07,NA,125.5257,NA,958.3862,NA,NA,1004.127,NA,NA,NA,NA,NA,NA,NA,NA,NA,NA,NA,NA,NA,NA,NA,NA,NA,NA,NA,NA,NA,NA,NA,NA,NA,NA,NA,NA,NA,NA,NA,NA,NA,NA,NA,NA,NA,NA,NA,NA,NA,NA,NA,NA,NA,NA,NA
2012M08,NA,130.6414,NA,977.3564,NA,NA,1021.497,NA,NA,NA,NA,NA,NA,NA,NA,NA,NA,NA,NA,NA,NA,NA,NA,NA,NA,NA,NA,NA,NA,NA,NA,NA,NA,NA,NA,NA,NA,NA,NA,NA,NA,NA,NA,NA,NA,NA,NA,NA,NA,NA,NA,NA,NA,NA
2012M09,NA,143.5506,NA,988.1448,NA,NA,1027.067,NA,NA,NA,NA,NA,NA,NA,NA,NA,NA,NA,NA,NA,NA,NA,NA,NA,NA,NA,NA,NA,NA,NA,NA,NA,NA,NA,NA,NA,NA,NA,NA,NA,NA,NA,NA,NA,NA,NA,NA,NA,NA,NA,NA,NA,NA,NA
2012M10,NA,148.1615,NA,995.4734,NA,NA,1037.915,NA,NA,NA,NA,NA,NA,NA,NA,NA,NA,NA,NA,NA,NA,NA,NA,NA,NA,NA,NA,NA,NA,NA,NA,NA,NA,NA,NA,NA,NA,NA,NA,NA,NA,NA,NA,NA,NA,NA,NA,NA,NA,NA,NA,NA,NA,NA
2012M11,NA,119.9353,NA,999.116,NA,NA,1045.371,NA,NA,NA,NA,NA,NA,NA,NA,NA,NA,NA,NA,NA,NA,NA,NA,NA,NA,NA,NA,NA,NA,NA,NA,NA,NA,NA,NA,NA,NA,NA,NA,NA,NA,NA,NA,NA,NA,NA,NA,NA,NA,NA,NA,NA,NA,NA
2012M12,NA,135.7932,NA,1000.001,NA,NA,1048.771,NA,NA,NA,NA,NA,NA,NA,NA,NA,NA,NA,NA,NA,NA,NA,NA,NA,NA,NA,NA,NA,NA,NA,NA,NA,NA,NA,NA,NA,NA,NA,NA,NA,NA,NA,NA,NA,NA,NA,NA,NA,NA,NA,NA,NA,NA,NA
2013M01,NA,133.3257,NA,1000.671,NA,NA,1036.176,NA,NA,NA,NA,NA,NA,NA,NA,NA,NA,NA,NA,NA,NA,NA,NA,NA,NA,NA,NA,NA,NA,NA,NA,NA,NA,NA,NA,NA,NA,NA,NA,NA,NA,NA,NA,NA,NA,NA,NA,NA,NA,NA,NA,NA,NA,NA
2013M02,NA,128.3961,NA,1001.871,NA,NA,1015.608,NA,NA,NA,NA,NA,NA,NA,NA,NA,NA,NA,NA,NA,NA,NA,NA,NA,NA,NA,NA,NA,NA,NA,NA,NA,NA,NA,NA,NA,NA,NA,NA,NA,NA,NA,NA,NA,NA,NA,NA,NA,NA,NA,NA,NA,NA,NA
2013M03,NA,121.8041,NA,1003.343,130.1238,118.4346,1004.692,287.1215,404.9894,184.2953,NA,NA,NA,NA,NA,NA,NA,NA,NA,NA,NA,NA,NA,NA,NA,NA,NA,NA,NA,NA,NA,NA,NA,NA,NA,NA,NA,NA,NA,NA,NA,NA,NA,NA,NA,NA,NA,NA,NA,NA,NA,NA,NA,NA
2013M04,NA,123.8004,NA,1007.189,129.9717,121.4273,1029.015,293.3955,409.0304,187.0839,NA,NA,NA,NA,NA,NA,NA,NA,NA,NA,NA,NA,NA,NA,NA,NA,NA,NA,NA,NA,NA,NA,NA,NA,NA,NA,NA,NA,NA,NA,NA,NA,NA,NA,NA,NA,NA,NA,NA,NA,NA,NA,NA,NA
2013M05,NA,127.7786,NA,1010.84,132.9473,120.5994,1017.702,291.8638,407.2755,190.2187,NA,NA,NA,NA,NA,NA,NA,NA,NA,NA,NA,NA,NA,NA,NA,NA,NA,NA,NA,NA,NA,NA,NA,NA,NA,NA,NA,NA,NA,NA,NA,NA,NA,NA,NA,NA,NA,NA,NA,NA,NA,NA,NA,NA
2013M06,NA,123.6761,NA,1007.134,126.9164,114.4224,946.8659,275.3727,390.2621,174.5814,NA,NA,NA,NA,NA,NA,NA,NA,NA,NA,NA,NA,NA,NA,NA,NA,NA,NA,NA,NA,NA,NA,NA,NA,NA,NA,NA,NA,NA,NA,NA,NA,NA,NA,NA,NA,NA,NA,NA,NA,NA,NA,NA,NA
2013M07,NA,128.7223,NA,1008.375,127.438,104.6796,931.1622,272.4278,387.8831,176.6774,NA,NA,NA,NA,NA,NA,NA,NA,NA,NA,NA,NA,NA,NA,NA,NA,NA,NA,NA,NA,NA,NA,NA,NA,NA,NA,NA,NA,NA,NA,NA,NA,NA,NA,NA,NA,NA,NA,NA,NA,NA,NA,NA,NA
2013M08,NA,135.1248,NA,1010.498,123.6167,106.1174,916.8367,270.2023,387.7443,177.1154,NA,NA,NA,NA,NA,NA,NA,NA,NA,NA,NA,NA,NA,NA,NA,NA,NA,NA,NA,NA,NA,NA,NA,NA,NA,NA,NA,NA,NA,NA,NA,NA,NA,NA,NA,NA,NA,NA,NA,NA,NA,NA,NA,NA
2013M09,NA,136.5192,NA,1013.648,123.4998,108.9264,923.2788,269.7825,388.1945,178.1946,NA,NA,NA,NA,NA,NA,NA,NA,NA,NA,NA,NA,NA,NA,NA,NA,NA,NA,NA,NA,NA,NA,NA,NA,NA,NA,NA,NA,NA,NA,NA,NA,NA,NA,NA,NA,NA,NA,NA,NA,NA,NA,NA,NA
2013M10,NA,153.8562,NA,1015.995,125.6897,111.3323,947.0011,277.3476,394.1442,186.4442,NA,NA,NA,NA,NA,NA,NA,NA,NA,NA,NA,NA,NA,NA,NA,NA,NA,NA,NA,NA,NA,NA,NA,NA,NA,NA,NA,NA,NA,NA,NA,NA,NA,NA,NA,NA,NA,NA,NA,NA,NA,NA,NA,NA
2013M11,NA,166.3313,NA,1017.695,127.5579,113.6384,932.9031,276.4117,394.7896,183.0577,NA,NA,NA,NA,NA,NA,NA,NA,NA,NA,NA,NA,NA,NA,NA,NA,NA,NA,NA,NA,NA,NA,NA,NA,NA,NA,NA,NA,NA,NA,NA,NA,NA,NA,NA,NA,NA,NA,NA,NA,NA,NA,NA,NA
2013M12,NA,168.1471,NA,1019.567,129.7154,115.1803,926.0402,275.9804,394.6258,186.7394,NA,NA,NA,NA,NA,NA,NA,NA,NA,NA,NA,NA,NA,NA,NA,NA,NA,NA,NA,NA,NA,NA,NA,NA,NA,NA,NA,NA,NA,NA,NA,NA,NA,NA,NA,NA,NA,NA,NA,NA,NA,NA,NA,NA
2014M01,NA,155.627,NA,NA,134.3139,118.6179,926.9296,279.2614,396.2146,186.1623,NA,NA,NA,NA,NA,NA,NA,NA,NA,NA,NA,NA,NA,NA,NA,NA,NA,NA,NA,NA,NA,NA,NA,NA,NA,NA,NA,NA,NA,NA,NA,NA,NA,NA,NA,NA,NA,NA,NA,NA,NA,NA,NA,NA
2014M02,NA,154.1084,NA,NA,134.1017,123.7222,939.9218,282.7301,399.5556,187.0053,NA,NA,NA,NA,NA,NA,NA,NA,NA,NA,NA,NA,NA,NA,NA,NA,NA,NA,NA,NA,NA,NA,NA,NA,NA,NA,NA,NA,NA,NA,NA,NA,NA,NA,NA,NA,NA,NA,NA,NA,NA,NA,NA,NA
2014M03,NA,166.452,NA,NA,133.373,130.9955,957.7037,285.9976,402.8024,195.0645,NA,NA,NA,NA,NA,NA,NA,NA,NA,NA,NA,NA,NA,NA,NA,NA,NA,NA,NA,NA,NA,NA,NA,NA,NA,NA,NA,NA,NA,NA,NA,NA,NA,NA,NA,NA,NA,NA,NA,NA,NA,NA,NA,NA
2014M04,NA,180.5,NA,NA,136.2018,130.4237,974.8899,290.312,408.0058,203.5055,NA,NA,NA,NA,NA,NA,NA,NA,NA,NA,NA,NA,NA,NA,NA,NA,NA,NA,NA,NA,NA,NA,NA,NA,NA,NA,NA,NA,NA,NA,NA,NA,NA,NA,NA,NA,NA,NA,NA,NA,NA,NA,NA,NA
2014M05,NA,182.2149,NA,NA,138.3567,131.6988,995.9306,295.4187,413.3493,208.2091,NA,NA,NA,NA,NA,NA,NA,NA,NA,NA,NA,NA,NA,NA,NA,NA,NA,NA,NA,NA,NA,NA,NA,NA,NA,NA,NA,NA,NA,NA,NA,NA,NA,NA,NA,NA,NA,NA,NA,NA,NA,NA,NA,NA
2014M06,NA,188.1852,NA,NA,142.8426,132.0631,1001.04,298.4549,416.7228,211.3321,NA,NA,NA,NA,NA,NA,NA,NA,NA,NA,NA,NA,NA,NA,NA,NA,NA,NA,NA,NA,NA,NA,NA,NA,NA,NA,NA,NA,NA,NA,NA,NA,NA,NA,NA,NA,NA,NA,NA,NA,NA,NA,NA,NA
2014M07,NA,207.9524,NA,NA,143.9238,134.6822,1006.835,300.4516,419.207,215.9777,NA,NA,NA,NA,NA,NA,NA,NA,NA,NA,NA,NA,NA,NA,NA,NA,NA,NA,NA,NA,NA,NA,NA,NA,NA,NA,NA,NA,NA,NA,NA,NA,NA,NA,NA,NA,NA,NA,NA,NA,NA,NA,NA,NA
2014M08,NA,188.5973,NA,NA,141.6086,140.4826,1012.244,303.0591,422.3501,215.9003,NA,NA,NA,NA,NA,NA,NA,NA,NA,NA,NA,NA,NA,NA,NA,NA,NA,NA,NA,NA,NA,NA,NA,NA,NA,NA,NA,NA,NA,NA,NA,NA,NA,NA,NA,NA,NA,NA,NA,NA,NA,NA,NA,NA
2014M09,NA,194.6319,NA,NA,145.1677,143.9897,1012.8,302.4477,422.0709,217.7219,NA,NA,NA,NA,NA,NA,NA,NA,NA,NA,NA,NA,NA,NA,NA,NA,NA,NA,NA,NA,NA,NA,NA,NA,NA,NA,NA,NA,NA,NA,NA,NA,NA,NA,NA,NA,NA,NA,NA,NA,NA,NA,NA,NA
2014M10,NA,192.596,NA,NA,145.0707,145.8829,1012.007,303.624,426.9776,212.263,NA,NA,NA,NA,NA,NA,NA,NA,NA,NA,NA,NA,NA,NA,NA,NA,NA,NA,NA,NA,NA,NA,NA,NA,NA,NA,NA,NA,NA,NA,NA,NA,NA,NA,NA,NA,NA,NA,NA,NA,NA,NA,NA,NA
2014M11,NA,207.1333,NA,NA,147.9662,148.1605,1007.574,303.7205,427.9427,217.1925,NA,NA,NA,NA,NA,NA,NA,NA,NA,NA,NA,NA,NA,NA,NA,NA,NA,NA,NA,NA,NA,NA,NA,NA,NA,NA,NA,NA,NA,NA,NA,NA,NA,NA,NA,NA,NA,NA,NA,NA,NA,NA,NA,NA
2014M12,NA,197.6745,NA,NA,135.0579,145.0585,1004.493,304.1134,430.0917,213.9895,NA,NA,NA,NA,NA,NA,NA,NA,NA,NA,NA,NA,NA,NA,NA,NA,NA,NA,NA,NA,NA,NA,NA,NA,NA,NA,NA,NA,NA,NA,NA,NA,NA,NA,NA,NA,NA,NA,NA,NA,NA,NA,NA,NA
2015M01,NA,202.3778,NA,NA,124.8188,142.7784,1012.269,309.2576,434.9166,215.415,NA,NA,NA,NA,NA,NA,NA,NA,NA,NA,NA,NA,NA,NA,NA,NA,NA,NA,NA,NA,NA,NA,NA,NA,NA,NA,NA,NA,NA,NA,NA,NA,NA,NA,NA,NA,NA,NA,NA,NA,NA,NA,NA,NA
2015M02,102.5517,210.48,112.8335,NA,112.6504,145.695,997.5753,312.244,436.7115,216.0059,524.4492,110.8902,367.8892,773.5691,279.3531,183.2669,193.8292,185.4895,127.0123,143.9231,290.4744,288.2058,112.0527,238.2087,201.2498,NA,160.4343,447.9577,200.4197,166.9846,114.7497,624.3223,113.5686,354.7635,127.0962,128.123,255.1596,1215.279,1158.194,789.9214,584.6995,839.3834,144.6595,263.18,213.1699,108.0382,100,702.7198,330.8529,361.3858,655.9043,198.8493,616.1698,104.977
2015M03,103.1308,227.0875,113.1417,NA,124.062,146.6059,980.7283,314.8095,439.7344,214.359,518.782,112.6741,370.1093,768.1894,279.2367,179.5333,195.1035,186.1064,125.5609,145.1909,289.2567,288.3969,112.4209,244.9161,203.9273,NA,159.6778,449.1874,200.5872,167.4347,115.3475,620.915,114.4906,353.7194,127.519,132.5029,259.9525,1203.862,1153.957,793.802,588.4945,875.2254,141.7216,264.1059,215.7307,109.768,99.46716,696.1953,299.6083,360.4797,643.5673,199.5538,616.5573,104.5707
2015M04,107.0271,227.0899,116.5586,NA,132.8584,149.0171,1021.674,319.5918,444.5617,222.6094,528.461,115.6724,374.9365,786.93,285.9666,188.7881,198.2574,189.2607,126.665,146.1397,293.2688,291.8622,113.2752,253.1402,206.5824,NA,169.8451,453.8432,202.4406,169.1299,116.214,634.0427,119.0314,365.8585,130.5761,139.0788,266.4985,1224.368,1179.802,804.2197,595.9302,933.3936,143.3705,271.0428,216.6242,111.4174,101.4792,703.2607,328.7417,367.1736,744.0851,200.3394,626.5043,106.5657
2015M05,108.5863,224.552,118.4632,NA,137.5194,152.182,1016.613,315.3052,440.1127,220.5898,518.3132,113.6925,373.3571,829.6153,287.868,193.0001,200.1996,189.0212,125.7385,145.6628,290.1739,286.3088,112.5462,252.0626,207.8682,NA,171.2489,458.2424,202.5666,167.9004,114.8032,621.9897,121.4722,362.6579,130.9191,141.1204,270.3494,1206.223,1156.905,799.4279,589.6419,945.1018,144.1333,269.8354,217.1252,110.9826,102.0114,698.4385,359.474,361.1075,806.8952,199.5942,623.801,106.6991
2015M06,106.4129,221.5801,116.5681,NA,140.3495,153.6319,1002.675,310.3318,437.2627,218.1215,505.4926,112.1664,368.3506,793.5019,282.1818,188.9844,198.0212,187.6261,123.6404,144.7888,287.7676,279.6495,111.7762,243.3294,210.97,NA,167.6583,458.8949,201.7405,166.6188,112.8658,608.0118,122.7214,359.2184,129.3414,138.9577,271.9985,1184.81,1128.127,786.4246,580.9982,937.482,142.9648,261.5096,216.0837,111.053,100.1231,686.8874,391.8937,351.2464,731.6327,195.6696,615.4155,103.8236
2015M07,105.6397,217.4704,116.2166,NA,144.4994,153.5876,992.4445,308.5936,437.4746,219.8261,502.0289,112.066,372.8272,757.8724,280.1302,185.8308,195.3687,189.4234,123.4733,145.0263,288.4513,280.3807,112.2039,239.1667,214.1355,NA,168.6069,461.4795,204.2938,166.8509,113.2638,609.2296,122.0699,355.901,129.4771,137.417,273.9752,1192.184,1125.295,788.1866,585.55,948.0223,144.9784,264.6156,216.2954,111.2899,97.64938,690.2641,424.5049,351.9177,694.8567,197.0479,619.4183,98.95733
2015M08,104.1897,224.4597,112.1696,NA,147.4331,152.726,969.2009,307.3223,439.7291,211.8122,497.3742,111.8304,364.7342,693.8925,281.0278,175.48,194.2627,185.1454,122.1032,145.5747,290.6328,276.9551,112.9209,236.7278,211.2128,NA,164.5642,461.512,204.2323,168.1569,112.1432,609.3148,116.6669,352.2993,128.5715,132.9727,271.8796,1192.014,1115.7,794.4611,588.5968,937.8611,141.1331,256.4475,217.2218,110.851,97.18785,679.9031,458.5783,348.582,660.5488,195.7315,613.1227,95.43716
2015M09,104.4113,230.5991,111.8311,NA,148.4607,152.8887,920.8083,303.3039,438.6949,209.1766,490.9904,110.1919,365.4455,655.52,282.7289,169.4966,191.848,181.4769,123.2059,146.208,290.9157,272.8212,113.0471,221.5761,212.1275,NA,163.8239,459.0274,204.5569,169.1195,112.6104,601.4146,116.7511,347.2467,127.6484,131.2856,272.269,1188.698,1096.082,793.1838,589.3414,953.28,139.6792,253.8515,219.46,108.6815,97.22659,669.6711,586.5837,340.1766,716.2093,193.4479,605.2354,88.16837
2015M10,105.7543,234.1515,112.0418,NA,153.3722,153.2341,925.1105,305.5584,442.9477,212.3168,500.002,108.712,365.7896,670.0607,276.6464,168.7388,194.0306,179.0716,123.1094,147.1234,294.9702,279.4414,114.2067,221.8818,212.437,NA,165.1909,458.7998,205.3569,170.7425,114.058,607.5056,118.9258,348.3386,127.2363,134.8152,274.5103,1211.917,1114.881,800.7851,597.2329,978.5334,141.1881,246.1446,221.3479,106.373,97.16796,691.5364,586.6147,343.4687,759.2291,197.9557,614.9128,84.84556
2015M11,107.9621,245.641,111.4374,NA,156.4554,153.7259,933.7692,302.8614,442.6817,213.8366,494.1533,108.3382,368.4534,701.4594,265.4519,171.2676,198.5083,181.0218,123.7256,146.8258,295.1316,276.9837,113.9183,226.9308,214.1598,100,171.6266,454.4193,203.0777,169.9627,111.6701,601.8155,118.2216,358.7459,126.6522,135.182,274.7049,1199.798,1107.35,796.2338,594.2055,992.1294,142.1508,246.7296,223.1213,108.2395,93.85975,694.9637,604.7397,339.1153,828.7647,195.6432,609.327,89.15771
2015M12,103.815,247.7487,108.9121,NA,156.7984,153.179,890.6346,297.8548,444.0278,211.2134,484.2095,106.4767,360.5139,703.1934,257.1349,161.176,195.8467,172.3647,123.2766,146.4832,295.3858,273.2827,114.2178,214.1897,212.1918,99.89965,171.7231,456.6767,198.2067,170.168,110.9836,587.2617,116.7955,360.8614,122.8616,130.2093,271.8102,1195.303,1096.143,793.1349,593.4547,985.6445,138.4209,241.4099,223.0404,107.2843,89.1289,687.9626,586.1817,337.0675,815.5358,196.4565,588.3289,84.95421
2016M01,97.37319,246.5839,105.7053,NA,156.9824,149.0707,890.4869,297.7189,447.3584,207.4036,471.194,106.3327,353.408,642.9378,257.103,150.5884,193.4966,158.3122,121.9901,148.2072,295.4095,273.6379,114.543,197.5457,210.6787,99.72394,167.5953,457.8668,197.3221,170.7528,110.7903,577.0228,114.2619,363.8252,120.1776,128.973,272.8722,1192.605,1085.937,803.0404,591.8818,978.6596,136.8037,232.7817,222.4742,105.9472,87.07546,686.4807,590.9255,332.5692,706.0098,195.972,575.6666,76.85536
2016M02,96.55443,257.8244,106.2679,NA,158.9451,119.3137,902.4623,304.8339,452.266,208.8443,474.8448,106.9322,352.9362,650.2832,259.5018,153.1935,197.8905,158.5196,122.5999,150.0966,297.3502,279.4885,115.3507,195.6218,213.0985,100.9429,167.8546,459.2661,194.2934,171.6482,113.9969,584.2517,105.7323,364.6996,123.1177,131.2651,271.2174,1211.198,1103.26,823.9436,597.9124,995.0483,140.1066,227.2013,223.3673,104.769,86.75633,694.6522,572.021,336.7824,698.2211,198.2845,589.9705,76.20949
2016M03,103.7011,261.4593,112.131,NA,160.9295,107.2132,961.4335,315.8373,453.4032,219.9035,508.3567,110.5884,371.956,746.4163,269.2587,167.6794,203.3862,174.569,128.7378,151.4646,300.3652,290.8576,115.7012,213.3424,217.3719,103.8875,174.3618,465.0336,203.4737,172.4462,117.2746,612.5554,115.6914,371.7373,127.0691,135.5894,281.1321,1256.489,1156.547,837.06,602.7832,1017.179,145.3226,246.5279,223.879,106.4993,91.02413,710.0332,593.2789,353.0908,792.6474,203.8402,605.7079,86.18693
2016M04,109.468,271.772,115.293,NA,163.5081,112.3587,995.8903,323.1044,458.995,225.6059,525.1115,114.8705,383.8313,789.3505,276.1734,174.2888,209.1764,175.5451,132.9072,153.5361,302.4929,298.4025,117.012,224.9004,224.8923,106.2015,179.1089,469.7294,208.282,173.7893,119.3858,629.7638,118.9668,381.0747,130.3708,138.2908,285.5533,1275.338,1189.744,857.9102,606.7384,1032.657,148.0086,253.9361,226.3061,108.7137,93.44042,729.8704,611.7201,362.7783,795.489,206.1851,624.3949,91.0616
2016M05,112.6836,274.8455,119.0003,NA,164.7216,128.0962,1009.002,323.626,460.1609,224.631,524.9758,114.7895,383.4179,849.4991,271.7193,176.364,212.8667,184.2454,131.3764,153.775,303.3137,301.9361,117.3242,227.2698,225.7327,106.0954,182.1086,474.3155,209.0962,174.1523,119.9053,631.9592,123.0329,377.9598,131.078,140.102,287.1133,1270.294,1195.979,854.3069,608.631,1044.739,148.7885,250.6197,228.8796,109.7034,94.86797,720.6798,626.5839,363.4729,864.773,208.3632,622.3036,90.02719
2016M06,113.2048,286.2633,122.8128,NA,165.3181,126.5006,1028.711,327.5765,464.613,228.3275,540.2986,118.0941,389.4597,867.895,271.5479,178.5167,215.5069,190.5336,133.218,153.8136,305.3043,304.4695,117.7546,245.1164,228.3373,106.0822,187.8878,473.1924,212.3009,174.9208,120.8899,640.329,124.6494,381.1868,132.7351,141.6164,288.4746,1289.044,1218.011,858.7941,611.054,1060.536,149.459,253.6903,230.3177,110.52,95.30325,734.4078,641.7539,370.2402,924.9987,209.2098,638.1027,93.66129
2016M07,111.8413,293.6456,127.6322,NA,167.2308,126.7714,1077.337,339.8851,472.302,240.4521,567.5195,125.0616,409.9466,884.3387,284.7065,187.239,217.8744,200.3888,139.5186,156.3754,310.1695,318.462,118.7435,251.9039,237.2819,108.7469,194.22,475.2632,220.0335,176.4734,126.2249,669.4834,134.8242,388.9327,138.3322,145.6071,296.2958,1344.046,1276.734,883.8079,622.7221,1075.495,155.4472,279.0092,232.8364,113.1853,100.498,744.1512,666.213,388.0589,1014.707,214.6456,668.3504,100.9189
2016M08,115.1975,300.7728,130.2924,NA,168.5851,127.0744,1103.459,343.0112,476.7694,249.8583,575.4529,127.6091,422.2132,893.5783,295.8703,195.6862,220.113,205.5708,141.1477,159.0328,313.2337,325.9258,119.3575,262.7192,241.6527,110.6587,197.6429,478.5509,225.8173,177.7424,128.5708,675.4386,132.621,389.1911,140.7022,147.2358,303.4112,1359.807,1293.101,887.1097,629.6461,1081.143,159.8009,291.8912,234.0115,114.6085,103.864,740.8244,667.8806,397.4125,1038.853,219.3689,679.2105,107.654
2016M09,117.4172,303.7379,131.2003,NA,169.8124,128.4446,1097.151,339.3619,476.9207,251.8227,574.8109,127.991,421.35,903.7831,297.1545,193.7844,223.3119,210.2288,140.266,161.4328,317.4446,325.8691,119.6671,270.9041,248.277,110.8839,199.6922,478.3453,224.9983,178.8437,127.6937,665.3475,130.7384,392.1365,141.3838,148.1658,305.8951,1358.1,1296.471,877.6913,626.3446,1089.375,163.9014,296.6931,236.3822,115.9722,105.6887,739.8513,672.9903,395.5581,1136.629,217.1123,674.7741,112.1612
2016M10,117.7692,301.9386,132.9734,NA,171.2485,129.3793,1096.914,337.9366,474.0351,253.0054,570.5711,127.7502,416.1706,939.6175,294.5022,195.3433,223.3257,217.8287,138.8499,161.2217,316.7713,324.2578,119.3127,272.269,249.3554,109.6566,199.5811,480.6865,225.7957,178.7747,127.7283,662.293,135.6079,392.0174,140.4929,146.7893,306.6432,1358,1302.11,864.5643,626.1825,1082.407,164.1941,291.0463,235.4496,116.1164,105.1485,733.7844,673.5247,391.4296,1215.221,217.5961,668.5864,112.5002
2016M11,113.7368,289.3132,127.9452,NA,171.4865,108.9509,1064.963,327.9679,465.4757,242.1862,543.5162,122.8413,394.8634,939.8874,292.1511,189.3037,218.9861,216.0976,132.2953,158.7226,311.8593,311.8187,117.4385,264.0808,239.5664,106.3827,193.0633,474.2503,222.1326,174.9695,123.2624,623.0944,131.4535,382.1569,136.8333,145.1002,305.8043,1300.903,1233.348,834.3049,613.3692,1068.635,161.9181,280.3663,232.7726,113.4278,101.9979,693.8653,657.8672,371.0964,1158.197,213.1874,656.6777,109.6677
2016M12,116.322,280.9998,128.2615,NA,171.9587,96.68863,1047.158,325.2174,458.723,238.8112,541.8923,119.3387,384.9504,969.9899,287.7159,195.3934,217.1681,221.9698,129.3156,157.707,307.8646,305.5706,116.0745,275.7513,239.1245,105.355,193.4428,476.614,219.7926,173.2687,120.5608,616.8342,132.2152,374.9916,134.7691,147.2145,306.3493,1269.584,1202.27,818.8307,604.9853,1071.359,161.1665,272.2382,231.8506,112.1204,100.6042,677.1168,667.5663,360.6065,1219.583,208.5131,652.9708,112.1897
2017M01,119.7569,289.4821,130.6443,NA,NA,99.38461,1080.581,331.1105,462.3198,242.2561,555.9829,122.7765,397.9012,1006.001,294.2744,202.9467,222.6216,230.2904,132.7473,160.3143,312.0586,312.7582,117.1242,281.8859,242.8398,106.527,198.2785,490.8094,225.094,174.4991,123.0696,623.2516,137.6267,384.6488,136.6862,151.3568,311.754,1288.767,1225.483,835.0163,609.7551,1084.581,162.882,275.1137,236.1741,113.842,104.1929,685.6726,691.3497,370.7264,1281.331,212.3806,665.2046,115.8805
2017M02,122.4191,294.0982,132.2541,NA,NA,102.653,1101.866,337.0193,465.5766,242.8789,564.7726,125.7353,406.8816,1017.652,303.8468,206.7608,225.3454,226.9075,134.7907,161.1913,313.2366,318.4353,118.1755,290.2027,248.1113,108.2034,199.7899,499.278,226.6528,175.043,123.9954,638.2974,140.0047,390.5444,139.2311,153.5361,314.3146,1310.216,1236.026,836.6196,613.1234,1095.429,164.6744,268.308,237.2256,114.5049,104.4766,705.9496,692.0259,376.3313,1317.032,214.5011,675.0504,119.4018
2017M03,126.0786,295.1596,131.7758,NA,NA,148.4291,1106.203,337.0367,466.2906,243.8125,564.878,126.4289,412.8024,1017.133,309.9105,212.8909,226.3804,228.862,136.7517,162.0755,313.8149,319.8146,118.1698,300.127,249.9144,108.4709,199.9613,503.3985,229.7733,176.1313,124.4406,648.5106,148.5274,390.6433,139.2446,155.3844,314.4765,1311.501,1247.802,832.9297,615.3155,1099.782,167.047,280.4687,238.435,115.3433,104.5885,710.9762,690.7037,377.4558,1312.215,215.3505,674.237,122.8744
2017M04,127.7826,304.9125,134.0138,NA,NA,157.8341,1129.042,341.8049,470.7446,248.5552,575.0125,130.1783,423.0723,992.4857,314.4827,214.081,227.6512,234.2596,139.4542,164.1409,319.1345,324.0151,119.1842,302.1945,253.0143,111.2078,203.0074,513.2782,232.8911,177.78,126.1725,663.0629,151.4749,392.5291,139.5121,158.1363,317.3447,1333.152,1263.297,842.9142,620.9277,1108.306,169.351,276.7958,242.0354,114.4074,108.4854,732.4007,700.0707,388.4239,1289.633,217.2625,668.9931,122.9146
2017M05,130.5225,310.3837,135.1696,NA,NA,155.8646,1131.676,343.5542,471.8525,253.3455,577.4392,131.1881,426.1649,1017.225,315.6239,219.8637,229.5309,238.0465,140.0808,164.5896,320.5753,326.5907,119.5141,310.6251,257.6955,112.1303,204.5221,513.4411,235.776,178.3555,128.0544,671.0194,154.3396,394.6023,141.762,161.6575,318.7653,1343.885,1276.46,846.7976,625.0639,1115.307,173.351,279.2232,242.9449,115.3255,109.1092,743.1958,727.2636,391.4898,1314.352,219.5223,680.6609,127.0198
2017M06,132.1816,313.2231,134.581,NA,NA,150.3216,1131.757,348.7304,475.789,256.5779,585.9471,133.0271,432.8783,1009.299,315.2223,220.0537,231.3503,245.027,140.7446,167.1934,324.4161,331.271,120.4162,312.4435,261.6836,113.3755,206.2913,514.0635,237.6132,179.7725,129.8512,679.6829,154.2677,399.8843,143.1357,162.2367,323.1272,1361.812,1296.477,859.2395,634.8366,1117.385,174.9762,285.3675,245.4975,115.6137,108.6509,753.0497,737.5254,403.1338,1266.312,222.4599,684.5675,128.2894
2017M07,131.2491,307.0583,133.944,NA,100,151.72,1138.9,347.9345,475.3736,256.6299,580.3979,132.8588,433.8236,1025.562,317.5771,215.4965,231.4337,245.3899,140.4476,167.4078,324.0184,330.8118,120.621,310.6144,262.0889,112.58,204.3799,509.1174,237.8685,179.3239,129.5332,678.7455,154.6012,399.7633,143.831,162.3641,321.1906,1360.771,1289.852,856.9716,631.0704,1114.722,175.0419,286.1093,245.7099,116.8208,107.9678,748.5402,746.0607,404.2867,1224.792,223.1732,677.3122,126.8928
2017M08,134.6343,314.6261,136.9993,NA,101.1343,153.2755,1156.226,352.3483,479.8611,263.3813,587.5414,134.0367,444.1007,1059.226,324.7193,221.8748,233.5368,253.2651,141.8414,169.2409,327.9945,335.6142,121.3925,328.4086,266.4472,114.2727,209.1574,511.7914,243.4078,180.1339,131.9034,690.1185,157.705,402.4234,145.1421,165.9736,323.8704,1379.818,1310.601,864.8444,637.0279,1125.392,177.9641,291.8276,248.0173,119.0266,110.7102,764.4388,760.1128,411.2404,1112.674,225.1702,688.8903,129.9432
2017M09,136.1167,325.7467,139.9102,NA,103.2158,158.7616,1173.075,354.9358,482.1215,266.7595,596.2766,136.6799,450.3855,1072.936,330.598,222.2829,237.2542,258.1385,141.8932,170.5593,331.2728,340.4071,121.9132,328.9319,274.0704,114.6055,213.0669,514.7705,246.6709,181.0646,133.1739,698.9501,159.2354,404.9827,145.5221,168.3679,326.3869,1403.79,1332.18,871.1891,640.2761,1133.469,180.2594,304.5514,248.737,120.145,112.3723,767.0001,788.1268,419.3093,1115.689,227.4769,695.1902,131.9425
2017M10,137.2139,330.2703,140.6448,NA,103.7922,161.9452,1180.037,354.3815,481.942,267.4821,593.8723,137.1298,449.8513,1100.152,330.9285,224.1007,238.2426,262.7612,141.7715,170.2461,330.3672,340.4912,122.0496,327.8767,275.6981,114.655,213.0492,513.2567,247.607,181.2542,131.6352,692.3655,160.9507,406.0664,145.2991,166.8564,326.3551,1397.816,1324.361,865.6678,638.4602,1129.901,181.4841,316.2143,248.5766,120.2755,112.3319,757.8747,793.3496,419.7182,1125.92,228.7779,689.7772,132.6234
2017M11,139.9295,330.1189,140.4822,NA,102.645,155.1837,1181.904,355.4273,482.1311,269.063,596.8145,136.561,450.8549,1123.759,334.8871,226.6121,239.6498,265.5703,142.4387,170.3487,330.0208,339.7941,122.1083,335.2878,276.3206,114.9521,215.1184,491.5568,246.9454,181.4357,131.4185,695.7638,162.708,408.6856,144.9713,168.6006,323.0053,1410.213,1334.391,864.2645,637.945,1132.887,182.0162,320.0802,248.9659,121.0454,114.1317,743.1739,797.6631,426.0023,881.6807,228.8298,682.5887,133.8792
2017M12,146.0382,334.2042,142.1171,NA,104.2834,152.9791,1191.469,358.4847,480.7642,273.3235,605.1751,136.3597,454.0797,1171.046,338.042,233.0704,241.5289,270.6924,143.1688,171.0644,330.9822,341.1567,122.0346,342.3328,274.6393,116.6214,218.4371,502.8719,247.5469,181.3321,133.3699,699.5957,164.2068,408.9845,145.5867,171.6015,325.3126,1414.664,1340.27,866.7303,638.6234,1137.08,184.6191,326.7916,249.4141,122.3439,115.1453,758.8371,802.295,431.118,814.4782,229.3115,695.6531,137.4845
2018M01,150.0361,330.0022,144.5485,NA,108.0205,152.4645,1194.814,357.1162,478.6045,278.2938,606.9312,138.2844,458.1646,1178.353,342.1025,237.1826,241.7074,274.8081,143.5762,170.8917,329.3302,341.2853,121.6944,351.3665,277.7983,118.5037,219.4301,519.7412,248.4503,180.4499,134.1254,697.7149,166.4313,407.7191,147.8002,174.3057,330.219,1418.718,1343.702,866.7436,634.0592,1141.839,186.7354,334.1509,249.5121,123.2064,115.2899,763.6548,825.4533,430.867,804.7897,229.7256,708.8023,139.0083
2018M02,146.9492,317.1556,141.9964,NA,106.474,154.2856,1172.139,347.5609,473.7214,269.404,587.5497,135.5303,444.5601,1147.91,336.7523,231.3399,239.8561,270.8528,141.0496,169.3017,325.2468,333.0557,120.6538,347.9297,272.9417,117.4054,214.4867,510.3635,242.5398,179.0883,130.4928,684.047,165.2215,402.488,145.1688,168.9326,323.4154,1380.209,1299.113,840.8714,628.1866,1132.558,180.9452,326.2636,247.238,122.4609,112.1588,747.5975,812.7184,415.3195,799.0353,225.0562,699.3776,135.5097
2018M03,145.101,316.5096,140.5863,NA,105.6162,155.4768,1172.893,347.1196,473.2432,265.3924,588.7982,137.1174,444.9677,1126.741,335.3012,228.628,239.2081,271.8354,141.3036,169.389,324.7847,330.4554,120.1693,345.3626,273.3662,115.9615,213.4922,512.9776,239.095,179.3607,129.8022,682.6346,164.6359,402.0001,143.64,168.24,319.2784,1371.521,1286.741,840.4871,629.5453,1125.921,179.2415,330.1658,247.479,123.0093,109.9876,740.7641,805.2388,413.4615,872.418,225.0979,696.1613,132.8633
2018M04,148.9444,319.2406,141.5503,NA,104.9807,156.3647,1176.307,347.7349,472.1225,270.0724,593.402,137.4328,445.5193,1106.356,336.8332,233.9688,237.8577,275.4213,141.3363,169.9405,324.6277,331.4055,119.9197,347.6244,273.8514,115.1365,213.2908,512.8454,239.9254,179.584,129.5087,685.3136,164.3171,401.0148,144.6915,171.8413,322.5105,1367.42,1291.487,842.1956,629.9837,1103.407,179.7991,328.7961,248.0611,123.4,111.5067,739.2798,805.6719,410.4734,888.7829,225.2094,698.2428,133.7522
2018M05,146.962,304.3766,138.8506,NA,102.8353,156.2425,1151.271,342.3955,470.4853,261.8777,581.5876,133.4223,434.0406,1057.787,327.6821,226.9164,234.1939,273.5428,139.0012,168.011,321.3049,324.612,118.7261,341.2124,266.0767,111.0313,210.1886,484.7353,235.36,178.5374,126.9984,667.8707,161.8345,395.7309,141.343,166.2936,317.5273,1347.899,1267.883,829.6157,624.674,1093.788,171.2757,322.1214,246.2144,121.2085,108.2398,706.2339,787.6937,399.2522,825.0752,224.2309,687.1114,124.317
2018M06,145.1421,295.4034,139.5945,NA,103.5552,158.4249,1112.535,343.6362,472.9505,257.4562,582.2828,133.9943,431.1082,1054.746,318.6516,219.5798,235.0273,267.1781,138.4668,168.2983,321.3477,324.7639,119.1658,335.6526,265.5718,110.098,210.0107,468.5415,234.0749,179.12,127.1089,661.2296,162.5212,395.7453,139.261,160.2235,307.3803,1352.008,1274.878,828.6467,626.7437,1097.815,165.3265,319.0902,247.1374,120.5987,106.156,692.2092,776.7358,402.4063,802.3913,223.7665,679.3539,116.9317
2018M07,148.5737,289.4506,142.438,NA,104.9031,159.6785,1145.21,347.2763,473.9158,263.1056,597.2043,137.99,440.0701,1095.907,325.3009,217.089,237.667,276.0531,141.726,170.4729,324.4215,330.0518,119.3637,342.3372,270.5492,113.9917,215.4699,476.0433,237.0815,180.4354,129.4905,681.1857,163.548,397.4014,141.3298,163.6685,312.4186,1377.513,1301.155,838.6196,629.5316,1124.895,170.4031,325.8104,249.2765,120.9539,108.2434,694.7425,781.2904,414.9454,789.7583,224.6508,689.465,119.0679
2018M08,147.8372,273.4745,140.9322,NA,103.737,160.7962,1140.304,347.3687,476.6132,255.4265,597.4313,136.1751,439.2176,1089.371,322.9587,218.9657,237.6504,271.6772,141.4056,170.7391,325.4629,332.7205,120.2365,340.6935,272.6119,112.3907,215.994,474.078,239.0045,181.0331,129.7162,676.5443,166.1724,402.6101,142.208,160.8577,319.1073,1378.382,1305.067,846.8698,631.7784,1100.332,167.393,319.7159,249.6775,120.8046,107.5403,653.225,782.9654,416.2283,749.527,227.7138,683.1953,109.6484
2018M09,148.2996,273.5535,143.6673,NA,104.5584,158.9768,1125.41,347.0084,475.7691,258.3897,597.0038,132.0456,438.888,1088.272,321.1274,225.6268,238.8546,273.3616,140.2855,171.5384,326.8319,328.6086,119.4939,345.215,272.8672,112.5892,217.5385,456.053,234.7771,181.383,130.1521,678.7582,165.2803,402.0408,141.5088,161.8867,321.407,1382.02,1308.004,845.8066,634.5387,1095.405,169.3536,317.3369,250.4059,118.9419,104.7249,665.2134,782.2969,414.6461,683.0927,228.9123,672.5812,95.98985
2018M10,150.339,274.6518,144.2104,NA,106.0127,159.985,1161.322,344.5172,474.6042,259.7281,588.8986,126.1671,437.8333,1099.859,323.0741,224.5016,239.8781,270.0891,139.0569,171.4433,325.6739,324.6473,119.3966,348.7262,276.1298,113.4231,217.0824,470.7581,231.4803,181.2588,128.9041,672.8229,167.0397,401.1525,139.819,161.9701,326.102,1363.597,1287.016,832.965,631.3113,1100.26,167.486,311.1491,250.7018,117.5024,104.8659,683.4281,783.2204,407.488,716.8712,227.8313,674.6974,97.77707
2018M11,145.1327,277.8009,141.1891,NA,104.3122,156.4461,1172.978,341.22,475.7919,253.1214,579.276,122.5763,434.3516,1075.441,318.5509,218.7596,240.8866,261.1465,138.2593,171.2886,324.7999,322.0417,119.8236,344.7586,273.0611,111.3924,212.7477,463.9563,222.5707,181.5749,128.2081,644.2001,165.6326,399.677,137.942,156.0159,325.6959,1348.201,1277.249,836.217,633.0597,1095.486,162.4854,313.04,250.3912,117.2736,103.0319,691.1807,764.0864,398.1173,676.6566,228.1628,668.8738,101.8686
2018M12,144.5287,265.0321,144.477,NA,104.3305,157.6127,1195.156,347.4266,481.4928,253.9243,591.1074,126.2274,438.5877,1086.9,315.9252,220.6414,240.5509,259.292,139.749,172.0175,328.2286,329.562,120.8735,344.7753,273.802,112.5688,215.34,465.0663,229.0636,182.1959,129.7549,656.1811,166.1566,404.3169,138.8653,154.8329,326.4646,1379.075,1311.454,855.2423,638.8117,1112.814,165.2663,320.7049,251.4943,117.5224,103.4164,709.5685,749.5307,410.5984,657.1725,229.489,679.946,104.7558
2019M01,150.6197,281.3676,147.2276,NA,106.2552,155.5494,1226.134,355.0703,486.9091,262.0467,604.5752,128.0893,449.961,1129.528,322.4153,229.1856,242.6882,265.8164,142.8976,174.5432,332.1031,338.6257,122.1552,351.6366,277.6982,114.9488,221.591,464.7759,236.1984,183.1669,131.986,671.7763,168.8226,409.6268,143.813,162.5461,335.3737,1404.819,1342.761,873.9434,646.8813,1141.21,173.6581,329.7259,254.0723,118.4518,105.3436,726.2437,770.3328,422.6088,779.5941,233.9708,702.4071,109.9619
2019M02,157.3465,287.8692,150.3798,NA,107.9953,162.6044,1246.168,361.172,491.6941,272.1868,614.1954,133.7867,459.8704,1168.986,336.9842,239.0119,246.553,274.2956,145.5667,176.6118,337.2454,344.6773,123.8785,365.4763,286.993,120.3659,227.6346,505.2217,242.9378,184.1793,133.5248,681.9211,173.5939,416.7398,146.205,170.6279,345.1766,1433.597,1367.684,889.1747,652.5254,1150.736,179.8613,339.8997,255.8835,121.2634,110.7458,742.8247,787.1444,429.6686,877.8477,239.5678,719.9685,115.3126
2019M03,159.3266,279.8601,151.4354,NA,110.4714,165.7369,1254.613,367.407,496.9611,276.2453,623.5249,138.259,468.5678,1209.773,344.9839,238.9236,248.9569,280.2297,146.7925,177.7601,339.0826,348.9944,125.5715,369.3047,289.055,122.881,229.2457,491.4299,246.7487,185.1006,134.4023,694.5627,175.9555,420.631,147.2233,174.9248,348.533,1454.22,1390.065,896.3394,655.914,1166.066,183.1753,346.1908,256.8339,124.7598,109.0329,733.2211,812.8061,435.9299,840.0573,240.4808,723.6929,110.8706
2019M04,161.9559,268.7706,152.9202,NA,112.0909,167.2994,1260.828,372.0729,500.8201,279.0848,634.776,140.4315,475.122,1256.011,347.8942,242.7574,251.0571,286.5502,148.9113,179.3477,342.9746,354.7595,126.5003,374.0917,292.9638,122.6004,232.4711,503.7853,251.3363,186.0544,136.0763,708.6161,176.0064,424.1242,149.4497,177.0521,356.4313,1478.328,1419.04,909.3681,661.2716,1182.003,188.0086,348.4094,258.8672,127.3958,113.8729,717.5901,834.3677,441.9744,818.1374,241.8371,733.9572,105.3222
2019M05,159.4587,260.3132,155.1492,NA,112.8981,176.0736,1271.884,376.4344,505.5995,276.3436,637.3508,140.0603,475.305,1259.661,344.2238,243.6254,252.6098,285.5384,149.4962,180.753,347.1581,357.1483,128.0517,370.6749,294.3337,122.648,236.734,491.7852,246.9432,187.1847,137.5538,711.786,175.5596,429.4149,150.9698,174.7001,357.4664,1497.101,1424.889,923.2549,666.0542,1198.723,184.8855,347.8896,260.9707,127.9749,113.7915,713.4767,829.8783,445.1589,791.2059,243.3657,737.7321,100.5166
2019M06,162.8059,273.9466,158.3415,NA,115.3862,176.1218,1316.22,386.6109,514.4693,282.0899,659.1089,144.0191,488.5117,1280.808,355.3206,247.8353,255.3358,292.4536,152.0853,183.2188,354.2511,367.7416,130.6695,376.9156,299.3319,126.4857,243.1019,484.164,250.5079,188.5406,140.6037,718.878,179.3234,438.2708,153.7326,176.2475,360.3797,1547.97,1482.394,953.5844,675.2702,1231.135,187.3985,355.5859,263.8169,128.557,115.3319,735.0472,880.0406,463.4833,758.5322,245.818,759.2124,99.25142
2019M07,169.6601,291.2254,161.9282,NA,118.5854,176.8984,1350.075,391.7193,517.4817,292.3985,673.0195,150.2614,494.4562,1302.082,369.2712,255.0034,257.9637,304.3342,156.4917,184.0575,356.0019,375.4474,132.1137,387.8633,308.9306,130.7349,248.7153,496.39,256.0001,189.4342,143.3022,726.3164,182.3546,443.4456,157.7579,185.8531,371.673,1573.342,1507.789,966.9112,679.6771,1254.705,196.4147,368.0119,264.9076,129.6635,119.5646,765.1277,914.4707,474.4547,477.081,251.4638,777.2692,104.9679
2019M08,165.2335,212.2502,162.9616,NA,118.1727,178.9118,1379.008,407.9646,527.7472,290.7559,695.4572,148.5765,501.9802,1254.669,366.4044,250.0174,259.5814,295.2933,159.2702,185.3789,359.6865,384.3949,134.4995,385.1991,312.0844,130.6294,253.1589,459.1985,253.4219,190.5983,146.0217,744.2281,180.7938,454.2013,156.8873,181.8324,365.6294,1631.098,1562.749,994.152,686.3979,1281.618,194.2171,368.5215,266.2535,131.5137,117.7392,768.7237,919.6785,493.8646,443.9811,254.2099,777.1313,102.4665
2019M09,167.4839,162.2609,164.6073,NA,119.7079,180.1955,1383.329,408.4864,528.1955,300.0193,701.6179,148.5981,509.5819,1295.721,372.7792,253.1209,261.1533,301.7008,162.8512,186.709,362.8095,389.9577,134.8239,387.3208,320.0459,132.2956,259.4856,430.3981,257.179,191.331,147.6675,759.8265,183.3191,454.7299,158.1083,186.9083,369.0442,1645.92,1574.67,1003.507,689.2808,1306.379,201.7113,375.6352,267.8456,133.7788,117.2575,780.2735,948.4758,496.159,375.3995,257.4568,784.6578,105.6716
2019M10,165.4974,169.5161,163.8649,NA,120.4599,180.4157,1378.986,406.8144,529.6408,302.1695,700.9973,148.2741,506.5609,1234.061,369.6334,257.9074,262.6133,302.0656,161.823,187.0286,362.755,388.6373,135.3621,383.0147,323.585,133.3648,258.7272,418.0868,258.7424,191.9596,147.5068,770.8803,184.1351,454.9403,158.2936,184.0878,368.3619,1635.212,1560.066,998.3343,689.8411,1308.268,201.5055,378.9365,269.0801,134.5107,116.8791,790.9739,947.4304,493.0746,255.5698,257.9628,780.6905,107.4228
2019M11,167.9021,159.0096,165.9312,NA,121.6369,180.5944,1379.091,399.4694,529.2206,306.6401,693.9908,149.9469,506.9453,1125.089,375.9945,263.7446,263.8467,306.1378,162.8816,187.5689,361.9274,387.5952,135.2622,385.928,324.8592,135.0163,259.2116,332.3472,261.0565,192.1525,147.7955,775.8072,187.3553,454.7231,160.6071,186.2635,375.0117,1624.915,1547.788,987.4384,689.4285,1325.245,206.7675,383.6777,270.4682,135.7523,119.2778,813.2874,957.0801,491.8766,262.1824,258.9946,777.4777,103.7339
2019M12,171.3282,179.0446,167.9539,NA,121.7181,182.5584,1393.279,400.7891,530.6224,309.6717,701.4083,154.0533,511.4016,1150.493,383.4149,270.5881,265.1884,307.1133,163.5926,188.2222,364.159,391.2898,135.4277,388.9108,330.6574,136.2703,263.1393,300.6725,256.7356,192.3322,149.4609,785.9105,188.2288,455.8588,162.1526,186.7555,382.1598,1642.115,1562.908,993.5138,690.7852,1354.665,208.8633,391.072,271.5204,137.577,121.3146,822.0387,970.9973,499.3755,289.0212,259.9022,778.0294,106.5093
2020M01,178.0335,189.7275,169.599,NA,124.4949,185.5193,1416.109,406.1801,536.2057,317.8426,711.0262,158.8647,518.5793,1207.325,393.794,281.9957,266.7878,318.3986,165.9993,189.114,367.5507,395.3875,136.5671,386.9678,336.7939,139.4991,267.0865,277.6513,263.1303,193.0952,150.9845,802.2898,189.701,462.87,164.7615,193.3376,388.7778,1661.759,1587.22,1005.38,693.8716,1366.636,216.2987,404.2891,272.4562,139.8917,122.9379,851.457,1011.973,508.2138,292.2096,261.7831,791.5444,108.0844
2020M02,177.1604,188.7091,172.5629,NA,125.3899,193.3784,1461.129,416.6749,543.3962,323.5851,729.8912,157.4961,521.9376,1075.115,400.3714,284.9913,268.3279,324.3402,167.2567,189.964,371.2931,403.5415,137.9469,395.0919,340.1951,142.8696,272.0189,217.9085,264.7423,193.9735,153.3953,818.6302,190.0157,470.3036,166.0222,193.7909,396.4216,1700.989,1621.134,1029.686,698.4495,1393.083,219.9887,407.7444,273.0872,140.9038,125.8583,855.8863,1024.625,525.3341,331.7042,263.8,803.688,110.1299
2020M03,113.386,135.8515,152.5882,NA,114.5479,173.8466,1372.914,380.8501,544.811,285.3245,660.1257,137.7002,445.2696,555.3031,339.9346,210.8777,257.0034,255.2057,154.7406,186.6126,365.5923,378.8004,131.4301,344.7732,295.4855,123.0842,243.2948,123.4276,215.2414,196.1862,145.5393,699.3216,170.9228,452.6814,151.1065,147.2505,359.4974,1615.856,1525.681,973.583,705.3809,1330.179,191.7676,342.2994,270.1149,127.7727,111.8547,781.4508,852.8521,487.65,337.6825,245.4505,705.2168,79.78823
2020M04,77.31244,121.9916,156.1699,NA,110.8659,156.1149,1317.772,379.7396,543.5853,283.2141,641.5838,120.9338,422.1205,378.7133,336.2876,191.4558,251.9375,242.2091,154.786,185.3844,361.2863,368.8177,129.3936,304.0176,275.2983,124.3341,243.0286,110.559,165.659,194.1373,144.1211,640.1738,168.2972,442.4857,147.3802,139.7481,340.8792,1539.507,1506.06,994.177,705.3823,1346.96,186.3255,287.1424,266.4656,116.6439,110.1454,743.8336,862.9652,479.1103,225.9829,245.4865,667.0133,59.88215
2020M05,96.74345,135.4191,160.9587,NA,114.2613,112.0365,1325.289,402.3903,547.2073,293.3229,673.3208,127.6124,457.2541,450.1133,362.1462,225.3722,256.1378,268.9125,163.0146,188.1811,366.4068,383.4779,133.3678,339.6475,280.2887,127.9436,252.544,113.153,151.3778,196.1085,146.6043,689.2474,168.9388,454.213,153.7774,160.9024,350.9164,1616.468,1588.019,1015.246,710.9956,1392.708,188.6158,297.3044,270.3679,120.1356,115.7868,779.4313,919.2747,503.1568,156.7514,254.276,702.5834,66.79915
2020M06,127.3748,156.2612,170.1164,NA,118.5096,110.0212,1377.674,420.6113,554.1118,312.1753,703.5182,137.1996,485.2496,569.806,371.9322,251.7098,266.4178,302.8457,168.8454,192.0957,375.6573,401.1646,138.3145,369.3563,307.758,135.4531,269.404,118.4359,182.0775,197.0891,152.4797,733.5123,185.8616,468.0836,162.1952,177.9739,375.2424,1685.059,1640.019,1027.632,719.2541,1430.241,203.7119,327.5196,274.0748,130.2716,121.3429,823.0166,975.0909,526.0794,137.1563,263.2496,762.4552,82.26672
2020M07,143.4239,166.4895,171.6663,NA,115.5136,134.5141,1407.976,434.0195,561.8302,314.9248,727.4045,143.5873,504.4841,654.0914,376.913,262.7794,269.2684,303.4008,172.4233,194.1172,379.6647,411.1721,139.2588,385.3857,329.6431,137.0901,275.3644,107.427,203.5846,197.7637,153.8738,747.5057,191.8118,482.9826,162.4696,181.3137,378.3788,1754.251,1684.782,1047.58,724.8296,1440.384,210.0815,335.4051,275.8982,134.2819,123.1442,820.449,977.3153,559.3417,136.2618,268.306,765.8174,94.84117
2020M08,147.2887,179.8113,177.4405,NA,114.0226,139.4065,1453.795,448.5786,566.9149,321.6092,750.8704,145.9072,522.6619,659.8852,385.9951,274.1297,275.6597,306.6244,179.0957,196.2333,386.967,424.4618,142.0539,390.7522,338.9928,140.6228,286.1714,103.7716,234.2232,198.2977,157.1152,774.2927,196.6163,494.6499,164.3918,191.3207,393.8593,1803.933,1722.847,1073.778,727.5849,1463.198,212.6777,350.8053,277.2496,137.3366,127.1721,808.4553,986.4542,576.9817,143.2811,273.3124,779.6821,97.00947
2020M09,146.8774,167.288,175.4614,NA,115.3539,143.8041,1455.367,443.6115,566.1891,318.1354,739.1721,150.8124,526.12,669.6304,389.5327,271.2701,279.8579,306.0506,178.0709,196.653,388.5874,419.9128,142.0249,391.1185,336.6373,140.2651,282.5463,111.0673,231.1469,198.4691,156.6907,766.5862,198.9804,489.8671,164.8781,191.2306,398.4015,1771.819,1692.871,1058.733,728.5826,1442.387,216.3356,350.865,NA,139.1969,126.4877,822.3767,986.9845,566.7349,159.6809,275.0723,778.8732,94.85791
2020M10,144.8532,144.5539,172.5707,NA,116.2525,144.3041,1456.671,443.0129,564.8816,320.0749,742.1844,140.746,531.0848,636.3011,386.9648,263.5671,281.0627,301.8476,179.613,196.9639,389.4023,421.8725,142.6668,376.7755,340.6969,140.7905,282.863,89.61554,186.7035,198.8425,155.6166,764.3294,201.1123,488.2935,165.2469,190.1137,392.0258,1762.476,1695.649,1062.779,729.8493,1444.544,213.0274,321.6837,NA,140.988,122.2878,822.7665,967.6263,569.8607,182.3479,275.5922,784.8138,80.07101
2020M11,153.4407,148.7114,177.5236,NA,119.6722,149.6796,1493.701,446.7707,564.9762,339.4458,756.266,141.3146,558.3743,615.9208,406.3343,277.0951,282.8212,325.932,182.7805,197.1086,391.2315,427.1991,145.024,388.6535,347.6033,147.0555,288.2754,87.72155,185.8891,199.3922,156.2446,795.3398,204.3464,494.3026,170.6946,201.8574,399.704,1779.392,1692.857,1067.874,730.0008,1458.751,227.7802,328.9646,NA,144.2865,123.8238,860.2692,1030.236,575.4298,197.2197,276.7025,822.1488,80.47723
2020M12,169.3033,148.6125,182.3721,NA,126.4322,149.804,1515.541,449.8786,563.3038,354.442,760.1957,153.1725,582.7208,612.352,424.4024,295.046,286.307,348.6404,186.377,197.8123,390.1174,430.5759,147.2404,402.8854,367.8518,153.9352,294.2673,76.83283,178.958,199.3417,156.6339,830.3998,207.2536,499.838,176.8981,213.1328,408.2166,1788.135,1692.685,1069.113,731.0102,1476.529,239.0013,357.371,100,148.6251,126.3673,900.0372,1083.846,579.9258,198.0136,278.5237,852.8807,87.64572
2021M01,179.2941,146.0165,182.8449,NA,126.533,147.9398,1491.986,446.5488,562.58,355.1547,746.5906,158.7013,579.069,545.56,424.8775,299.8917,289.6834,349.5171,184.5377,198.722,390.3371,428.9607,146.9589,402.4439,370.1983,155.0641,292.9457,76.35552,185.6459,199.4249,157.1529,828.5423,208.9442,494.3361,179.3129,215.8325,415.2466,1767.79,1681.627,1067.566,731.1205,1469.255,237.7833,357.7928,99.27845,149.3725,127.2466,909.8293,1084.914,572.4725,205.5114,280.5358,847.0261,90.37401
2021M02,184.539,142.8854,183.6178,NA,126.5628,138.7832,1494.653,445,564.7735,354.7237,741.8659,164.5856,577.2425,537.3589,426.3651,299.7792,293.0584,353.1946,183.3805,199.5917,390.4741,429.5181,146.8104,409.6131,369.8561,155.2318,291.2412,81.21405,182.8906,199.6228,156.7011,830.6201,210.1096,490.8333,179.7976,217.423,422.5926,1734.351,1655.295,1063.94,731.6585,1461.213,238.4494,374.747,98.56816,149.2767,130.4296,922.486,1088.771,569.4364,208.3557,281.7863,854.5696,91.83103