Ticker,Name,Series Type,Currency,Country,Sector,Industry,Sic,Exchange,Cik,Fiscal_End,Units,Scale,Flow,Adjustment,Periodicity,Metadata,Corporate_History
POPARG,Argentina Population,Population,Non Currency Series,Argentina,,,,,,,Units,Thousands,Stock,none,Annual From Dec 1800 To Dec 2020<BR>,Population Data are Periodic until 1865.,
POPAUS,Australia Population,Population,Non Currency Series,Australia,,,,,,,Units,Thousands,Stock,none,Annual From Dec 1788 To Dec 2020<BR>,,
POPAUT,Austria Population,Population,Non Currency Series,Austria,,,,,,,Units,Thousands,Stock,none,Annual From Dec 1800 To Dec 2020<BR>,Source: United Nations.<br />Population Data are Periodic until 1820.,
POPBEL,Belgium Population,Population,Non Currency Series,Belgium,,,,,,,Units,Thousands,Stock,none,Annual From Dec 1816 To Dec 2020<BR>,Source: United Nations<br />Population Data are Periodic until 1820.,
POPBGD,Bangladesh Population,Population,Non Currency Series,Bangladesh,,,,,,,Units,Thousands,Stock,none,Annual From Dec 1890 To Dec 2020<BR>,Population Data are Periodic until 1950.,
POPBRA,Brazil Population,Population,Non Currency Series,Brazil,,,,,,,Units,Thousands,Stock,none,Annual From Dec 1785 To Dec 2020<BR>,Population Data are Periodic until 1850.,
POPCAN,Canada Population,Population,Non Currency Series,Canada,,,,,,,Units,Thousands,Stock,none,Annual From Dec 1801 To Dec 2020<BR>,Population Data are Periodic until 1868.,
POPCHE,Switzerland Population,Population,Non Currency Series,Switzerland,,,,,,,Units,Thousands,Stock,none,Annual From Dec 1750 To Dec 2020<BR>,Source: United Nations,
POPCHL,Chile Population,Population,Non Currency Series,Chile,,,,,,,Units,Thousands,Stock,none,Annual From Dec 1810 To Dec 2020<BR>,Source; United Nations<br />Population Data are Periodic until 1820.,
POPCHN,China Population,Population,Non Currency Series,China,,,,,,,Units,Thousands,Stock,none,Annual From Dec 1750 To Dec 2020<BR>,Source; United NationsPopulation Data are Periodic until 1820.,
POPCYP,Cyprus Population,Population,Non Currency Series,Cyprus,,,,,,,Units,Thousands,Stock,none,Annual From Dec 1822 To Dec 2020<BR>,Population Data are Periodic until 1950.,
POPCZE,Czech Republic Population,Population,Non Currency Series,Czech Republic,,,,,,,Units,Thousands,Stock,none,Annual From Dec 1820 To Dec 2020<BR>,Population Data are Periodic until 1950.,
POPDEU,Germany Population,Population,Non Currency Series,Germany,,,,,,,Units,Thousands,Stock,none,Annual From Dec 1816 To Dec 2020<BR>,Population Data are Periodic until 1815.,
POPDNK,Denmark Population,Population,Non Currency Series,Denmark,,,,,,,Units,Thousands,Stock,none,Annual From Dec 1801 To Dec 2020<BR>,Population Data are Periodic until 1815.,
POPECU,Ecuador Population,Population,Non Currency Series,Ecuador,,,,,,,Units,Thousands,Stock,none,Annual From Dec 1845 To Dec 2020<BR>,Population Data are Periodic until 1900.,
POPESP,Spain Population,Population,Non Currency Series,Spain,,,,,,,Units,Thousands,Stock,none,Annual From Dec 1789 To Dec 2020<BR>,Source: United Nations,
POPFIN,Finland Population,Population,Non Currency Series,Finland,,,,,,,Units,Thousands,Stock,none,Annual From Dec 1750 To Dec 2020<BR>,,
POPFRA,France Population,Population,Non Currency Series,France,,,,,,,Units,Thousands,Stock,none,Annual From Dec 1801 To Dec 2020<BR>,Population Data are Periodic until 1800.,
POPGBR,United Kingdom Population,Population,Non Currency Series,United Kingdom,,,,,,,Units,Thousands,Stock,none,Annual From Dec 1086 To Dec 2020<BR>,Population Data are Periodic until 1800.,
POPGRC,Greece Population,Population,Non Currency Series,Greece,,,,,,,Units,Thousands,Stock,none,Annual From Dec 1820 To Dec 2020<BR>,Source: United Nations,
POPHKG,Hong Kong Population,Population,Non Currency Series,Hong Kong,,,,,,,Units,Thousands,Stock,none,Annual From Dec 1841 To Dec 2020<BR>,Population Data are Periodic until 1900.,
POPHUN,Hungary Population,Population,Non Currency Series,Hungary,,,,,,,Units,Thousands,Stock,none,Annual From Dec 1869 To Dec 2020<BR>,Population Data are Periodic until 1910.,
POPIDN,Indonesia Population,Population,Non Currency Series,Indonesia,,,,,,,Units,Thousands,Stock,none,Annual From Dec 1820 To Dec 2020<BR>,Source: United Nations,
POPIND,India Population,Population,Non Currency Series,India,,,,,,,Units,Thousands,Stock,none,Annual From Dec 1871 To Dec 2020<BR>,Population Data are Periodic until 1900.,
POPIRL,Ireland Population,Population,Non Currency Series,Ireland,,,,,,,Units,Thousands,Stock,none,Annual From Dec 1820 To Dec 2020<BR>,Source: United Nations,
POPISL,Iceland Population,Population,Non Currency Series,Iceland,,,,,,,Units,Thousands,Stock,none,Annual From Dec 1830 To Dec 2020<BR>,Population Data are Periodic until 1950.,
POPISR,Israel Population,Population,Non Currency Series,Israel,,,,,,,Units,Thousands,Stock,none,Annual From Dec 1877 To Dec 2020<BR>,Population Data are Periodic until 1950.,
POPITA,Italy Population,Population,Non Currency Series,Italy,,,,,,,Units,Thousands,Stock,none,Annual From Dec 1770 To Dec 2020<BR>,Source: United Nations,
POPJPN,Japan Population,Population,Non Currency Series,Japan,,,,,,,Units,Thousands,Stock,none,Annual From Dec 1750 To Dec 2020<BR>,Source: United Nations,
POPKOR,Republic of Korea Population,Population,Non Currency Series,"Korea, Republic Of",,,,,,,Units,Thousands,Stock,none,Annual From Dec 1900 To Dec 2020<BR>,Population Data are Periodic until 1950.,
POPLKA,Sri Lanka Population,Population,Non Currency Series,Sri Lanka,,,,,,,Units,Thousands,Stock,none,Annual From Dec 1823 To Dec 2020<BR>,Population Data are Periodic until 1880.,
POPLTU,Lithuania Population,Population,Non Currency Series,Lithuania,,,,,,,Units,Thousands,Stock,none,Annual From Dec 1840 To Dec 2020<BR>,Population Data are Periodic until 1960.,
POPMEX,Mexico Population,Population,Non Currency Series,Mexico,,,,,,,Units,Thousands,Stock,none,Annual From Dec 1803 To Dec 2020<BR>,Population Data are Periodic until 1890.,
POPMYS,Malaysia Population,Population,Non Currency Series,Malaysia,,,,,,,Units,Thousands,Stock,none,Annual From Dec 1890 To Dec 2020<BR>,Population Data are Periodic until 1950.,
POPNLD,Netherlands Population,Population,Non Currency Series,Netherlands,,,,,,,Units,Thousands,Stock,none,Annual From Dec 1804 To Dec 2020<BR>,Population Data are Periodic until 1805.,
POPNOR,Norway Population,Population,Non Currency Series,Norway,,,,,,,Units,Thousands,Stock,none,Annual From Dec 1750 To Dec 2020<BR>,,
POPNZL,New Zealand Population,Population,Non Currency Series,New Zealand,,,,,,,Units,Thousands,Stock,none,Annual From Dec 1840 To Dec 2020<BR>,Population Data are Periodic until 1840.,
POPPAK,Pakistan Population,Population,Non Currency Series,Pakistan,,,,,,,Units,Thousands,Stock,none,Annual From Dec 1890 To Dec 2020<BR>,Population Data are Periodic until 1950.,
POPPHL,Philippines Population,Population,Non Currency Series,Philippines,,,,,,,Units,Thousands,Stock,none,Annual From Dec 1820 To Dec 2020<BR>,Population Data are Periodic until 1900.,
POPPOL,Poland Population,Population,Non Currency Series,Poland,,,,,,,Units,Thousands,Stock,none,Annual From Dec 1838 To Dec 2020<BR>,Population Data are Periodic until 1950.,
POPPRT,Portugal Population,Population,Non Currency Series,Portugal,,,,,,,Units,Thousands,Stock,none,Annual From Dec 1801 To Dec 2020<BR>,Source: United Nations,
POPRUS,Russian Federation Population,Population,Non Currency Series,Russian Federation,,,,,,,Units,Thousands,Stock,none,Annual From Dec 1897 To Dec 2020<BR>,Population Data are Periodic until 1960.,
POPSGP,Singapore Population,Population,Non Currency Series,Singapore,,,,,,,Units,Thousands,Stock,none,Annual From Dec 1891 To Dec 2020<BR>,Population Data are Periodic until 1950.,
POPSVN,Slovenia Population,Population,Non Currency Series,Slovenia,,,,,,,Units,Thousands,Stock,none,Annual From Dec 1911 To Dec 2020<BR>,Population Data are Periodic until 1950.,
POPSWE,Sweden Population,Population,Non Currency Series,Sweden,,,,,,,Units,Thousands,Stock,none,Annual From Dec 1620 To Dec 2020<BR>,,
POPTHA,Thailand Population,Population,Non Currency Series,Thailand,,,,,,,Units,Thousands,Stock,none,Annual From Dec 1861 To Dec 2020<BR>,Population Data are Periodic until 1900.,
POPTWN,Taiwan Population,Population,Non Currency Series,Taiwan,,,,,,,Units,Thousands,Stock,none,Annual From Dec 1870 To Dec 2020<BR>,Population Data are Periodic until 1900.,
POPURY,Uruguay Population,Population,Non Currency Series,Uruguay,,,,,,,Units,Thousands,Stock,none,Annual From Dec 1849 To Dec 2020<BR>,Source: United Nations,
POPUSA,United States of America Population,Population,Non Currency Series,United States,,,,,,,Units,Thousands,Stock,none,Annual From Dec 1700 To Dec 2020<BR>,Population Data are Periodic until 1790.,
POPZAF,South Africa Population,Population,Non Currency Series,South Africa,,,,,,,Units,Thousands,Stock,none,Annual From Dec 1870 To Dec 2020<BR>,Population Data are Periodic until 1910.,
Date,POPARG_Close,POPAUS_Close,POPAUT_Close,POPBEL_Close,POPBGD_Close,POPBRA_Close,POPCAN_Close,POPCHE_Close,POPCHL_Close,POPCHN_Close,POPCYP_Close,POPCZE_Close,POPDEU_Close,POPDNK_Close,POPECU_Close,POPESP_Close,POPFIN_Close,POPFRA_Close,POPGBR_Close,POPGRC_Close,POPHKG_Close,POPHUN_Close,POPIDN_Close,POPIND_Close,POPIRL_Close,POPISL_Close,POPISR_Close,POPITA_Close,POPJPN_Close,POPKOR_Close,POPLKA_Close,POPLTU_Close,POPMEX_Close,POPMYS_Close,POPNLD_Close,POPNOR_Close,POPNZL_Close,POPPAK_Close,POPPHL_Close,POPPOL_Close,POPPRT_Close,POPRUS_Close,POPSGP_Close,POPSVN_Close,POPSWE_Close,POPTHA_Close,POPTWN_Close,POPURY_Close,POPUSA_Close,POPZAF_Close
1086/12/31,,,,,,,,,,,,,,,,,,,1100,,,,,,,,,,,,,,,,,,,,,,,,,,,,,,,
1348/12/31,,,,,,,,,,,,,,,,,,,3757.5,,,,,,,,,,,,,,,,,,,,,,,,,,,,,,,
1350/12/31,,,,,,,,,,,,,,,,,,,3127.5,,,,,,,,,,,,,,,,,,,,,,,,,,,,,,,
1360/12/31,,,,,,,,,,,,,,,,,,,2745,,,,,,,,,,,,,,,,,,,,,,,,,,,,,,,
1369/12/31,,,,,,,,,,,,,,,,,,,2452.5,,,,,,,,,,,,,,,,,,,,,,,,,,,,,,,
1374/12/31,,,,,,,,,,,,,,,,,,,2250,,,,,,,,,,,,,,,,,,,,,,,,,,,,,,,
1377/12/31,,,,,,,,,,,,,,,,,,,2223.373,,,,,,,,,,,,,,,,,,,,,,,,,,,,,,,
1400/12/31,,,,,,,,,,,,,,,,,,,2100,,,,,,,,,,,,,,,,,,,,,,,,,,,,,,,
1430/12/31,,,,,,,,,,,,,,,,,,,2100,,,,,,,,,,,,,,,,,,,,,,,,,,,,,,,
1500/12/31,,,,,,,,,,,,,,,,,,,3750,,,,,,,,,,,,,,,,,,,,,,,,,,,,,,,
1550/12/31,,,,,,,,,,,,,,,,,,,4000,,,,,,,,,,,,,,,,,,,,,,,,,,,,,,,
1600/12/31,,,,,,,,,,,,,,,,,,,4250,,,,,,,,,,,,,,,,,,,,,,,,,,,,,,,
1620/12/31,,,,,,,,,,,,,,,,,,,,,,,,,,,,,,,,,,,,,,,,,,,,,1065.11938,,,,,
1621/12/31,,,,,,,,,,,,,,,,,,,,,,,,,,,,,,,,,,,,,,,,,,,,,1070.444977,,,,,
1622/12/31,,,,,,,,,,,,,,,,,,,,,,,,,,,,,,,,,,,,,,,,,,,,,1075.797202,,,,,
1623/12/31,,,,,,,,,,,,,,,,,,,,,,,,,,,,,,,,,,,,,,,,,,,,,1081.176188,,,,,
1624/12/31,,,,,,,,,,,,,,,,,,,,,,,,,,,,,,,,,,,,,,,,,,,,,1086.582069,,,,,
1625/12/31,,,,,,,,,,,,,,,,,,,,,,,,,,,,,,,,,,,,,,,,,,,,,1092.014979,,,,,
1626/12/31,,,,,,,,,,,,,,,,,,,,,,,,,,,,,,,,,,,,,,,,,,,,,1097.475054,,,,,
1627/12/31,,,,,,,,,,,,,,,,,,,,,,,,,,,,,,,,,,,,,,,,,,,,,1102.96243,,,,,
1628/12/31,,,,,,,,,,,,,,,,,,,,,,,,,,,,,,,,,,,,,,,,,,,,,1105.716397,,,,,
1629/12/31,,,,,,,,,,,,,,,,,,,,,,,,,,,,,,,,,,,,,,,,,,,,,1105.716397,,,,,
1630/12/31,,,,,,,,,,,,,,,,,,,,,,,,,,,,,,,,,,,,,,,,,,,,,1106.590743,,,,,
1631/12/31,,,,,,,,,,,,,,,,,,,,,,,,,,,,,,,,,,,,,,,,,,,,,1110.83604,,,,,
1632/12/31,,,,,,,,,,,,,,,,,,,,,,,,,,,,,,,,,,,,,,,,,,,,,1112.262713,,,,,
1633/12/31,,,,,,,,,,,,,,,,,,,,,,,,,,,,,,,,,,,,,,,,,,,,,1104.521625,,,,,
1634/12/31,,,,,,,,,,,,,,,,,,,,,,,,,,,,,,,,,,,,,,,,,,,,,1098.077998,,,,,
1635/12/31,,,,,,,,,,,,,,,,,,,,,,,,,,,,,,,,,,,,,,,,,,,,,1097.989693,,,,,
1636/12/31,,,,,,,,,,,,,,,,,,,,,,,,,,,,,,,,,,,,,,,,,,,,,1100.813447,,,,,
1637/12/31,,,,,,,,,,,,,,,,,,,,,,,,,,,,,,,,,,,,,,,,,,,,,1109.844961,,,,,
1638/12/31,,,,,,,,,,,,,,,,,,,,,,,,,,,,,,,,,,,,,,,,,,,,,1124.098312,,,,,
1639/12/31,,,,,,,,,,,,,,,,,,,,,,,,,,,,,,,,,,,,,,,,,,,,,1139.339154,,,,,
1640/12/31,,,,,,,,,,,,,,,,,,,,,,,,,,,,,,,,,,,,,,,,,,,,,1154.659184,,,,,
1641/12/31,,,,,,,,,,,,,,,,,,,,,,,,,,,,,,,,,,,,,,,,,,,,,1170.420487,,,,,
1642/12/31,,,,,,,,,,,,,,,,,,,,,,,,,,,,,,,,,,,,,,,,,,,,,1183.207909,,,,,
1643/12/31,,,,,,,,,,,,,,,,,,,,,,,,,,,,,,,,,,,,,,,,,,,,,1193.95825,,,,,
1644/12/31,,,,,,,,,,,,,,,,,,,,,,,,,,,,,,,,,,,,,,,,,,,,,1203.943438,,,,,
1645/12/31,,,,,,,,,,,,,,,,,,,,,,,,,,,,,,,,,,,,,,,,,,,,,1207.717196,,,,,
1646/12/31,,,,,,,,,,,,,,,,,,,,,,,,,,,,,,,,,,,,,,,,,,,,,1217.528172,,,,,
1647/12/31,,,,,,,,,,,,,,,,,,,,,,,,,,,,,,,,,,,,,,,,,,,,,1235.246944,,,,,
1648/12/31,,,,,,,,,,,,,,,,,,,,,,,,,,,,,,,,,,,,,,,,,,,,,1251.284652,,,,,
1649/12/31,,,,,,,,,,,,,,,,,,,,,,,,,,,,,,,,,,,,,,,,,,,,,1264.779518,,,,,
1650/12/31,,,,,,,,,,,,,,,,,,,5000,,,,,,,,,,,,,,,,,,,,,,,,,,1258.344375,,,,,
1651/12/31,,,,,,,,,,,,,,,,,,,,,,,,,,,,,,,,,,,,,,,,,,,,,1222.50201,,,,,
1652/12/31,,,,,,,,,,,,,,,,,,,,,,,,,,,,,,,,,,,,,,,,,,,,,1192.97888,,,,,
1653/12/31,,,,,,,,,,,,,,,,,,,,,,,,,,,,,,,,,,,,,,,,,,,,,1183.095741,,,,,
1654/12/31,,,,,,,,,,,,,,,,,,,,,,,,,,,,,,,,,,,,,,,,,,,,,1179.062439,,,,,
1655/12/31,,,,,,,,,,,,,,,,,,,,,,,,,,,,,,,,,,,,,,,,,,,,,1180.110208,,,,,
1656/12/31,,,,,,,,,,,,,,,,,,,,,,,,,,,,,,,,,,,,,,,,,,,,,1183.079503,,,,,
1657/12/31,,,,,,,,,,,,,,,,,,,,,,,,,,,,,,,,,,,,,,,,,,,,,1186.781953,,,,,
1658/12/31,,,,,,,,,,,,,,,,,,,,,,,,,,,,,,,,,,,,,,,,,,,,,1185.831932,,,,,
1659/12/31,,,,,,,,,,,,,,,,,,,,,,,,,,,,,,,,,,,,,,,,,,,,,1189.274695,,,,,
1660/12/31,,,,,,,,,,,,,,,,,,,,,,,,,,,,,,,,,,,,,,,,,,,,,1199.695714,,,,,
1661/12/31,,,,,,,,,,,,,,,,,,,,,,,,,,,,,,,,,,,,,,,,,,,,,1209.786042,,,,,
1662/12/31,,,,,,,,,,,,,,,,,,,,,,,,,,,,,,,,,,,,,,,,,,,,,1215.642153,,,,,
1663/12/31,,,,,,,,,,,,,,,,,,,,,,,,,,,,,,,,,,,,,,,,,,,,,1221.299214,,,,,
1664/12/31,,,,,,,,,,,,,,,,,,,,,,,,,,,,,,,,,,,,,,,,,,,,,1233.871007,,,,,
1665/12/31,,,,,,,,,,,,,,,,,,,,,,,,,,,,,,,,,,,,,,,,,,,,,1248.008493,,,,,
1666/12/31,,,,,,,,,,,,,,,,,,,,,,,,,,,,,,,,,,,,,,,,,,,,,1259.296806,,,,,
1667/12/31,,,,,,,,,,,,,,,,,,,,,,,,,,,,,,,,,,,,,,,,,,,,,1264.086246,,,,,
1668/12/31,,,,,,,,,,,,,,,,,,,,,,,,,,,,,,,,,,,,,,,,,,,,,1264.643693,,,,,
1669/12/31,,,,,,,,,,,,,,,,,,,,,,,,,,,,,,,,,,,,,,,,,,,,,1270.889786,,,,,
1670/12/31,,,,,,,,,,,,,,,,,,,,,,,,,,,,,,,,,,,,,,,,,,,,,1284.975914,,,,,
1671/12/31,,,,,,,,,,,,,,,,,,,,,,,,,,,,,,,,,,,,,,,,,,,,,1303.319037,,,,,
1672/12/31,,,,,,,,,,,,,,,,,,,,,,,,,,,,,,,,,,,,,,,,,,,,,1316.41298,,,,,
1673/12/31,,,,,,,,,,,,,,,,,,,,,,,,,,,,,,,,,,,,,,,,,,,,,1323.617204,,,,,
1674/12/31,,,,,,,,,,,,,,,,,,,,,,,,,,,,,,,,,,,,,,,,,,,,,1328.868063,,,,,
1675/12/31,,,,,,,,,,,,,,,,,,,,,,,,,,,,,,,,,,,,,,,,,,,,,1315.877283,,,,,
1676/12/31,,,,,,,,,,,,,,,,,,,,,,,,,,,,,,,,,,,,,,,,,,,,,1292.881106,,,,,
1677/12/31,,,,,,,,,,,,,,,,,,,,,,,,,,,,,,,,,,,,,,,,,,,,,1282.989803,,,,,
1678/12/31,,,,,,,,,,,,,,,,,,,,,,,,,,,,,,,,,,,,,,,,,,,,,1282.995621,,,,,
1679/12/31,,,,,,,,,,,,,,,,,,,,,,,,,,,,,,,,,,,,,,,,,,,,,1281.715102,,,,,
1680/12/31,,,,,,,,,,,,,,,,,,,,,,,,,,,,,,,,,,,,,,,,,,,,,1285.110902,,,,,
1681/12/31,,,,,,,,,,,,,,,,,,,,,,,,,,,,,,,,,,,,,,,,,,,,,1300.135853,,,,,
1682/12/31,,,,,,,,,,,,,,,,,,,,,,,,,,,,,,,,,,,,,,,,,,,,,1320.153093,,,,,
1683/12/31,,,,,,,,,,,,,,,,,,,,,,,,,,,,,,,,,,,,,,,,,,,,,1341.135958,,,,,
1684/12/31,,,,,,,,,,,,,,,,,,,,,,,,,,,,,,,,,,,,,,,,,,,,,1361.449186,,,,,
1685/12/31,,,,,,,,,,,,,,,,,,,,,,,,,,,,,,,,,,,,,,,,,,,,,1377.306707,,,,,
1686/12/31,,,,,,,,,,,,,,,,,,,,,,,,,,,,,,,,,,,,,,,,,,,,,1392.042004,,,,,
1687/12/31,,,,,,,,,,,,,,,,,,,,,,,,,,,,,,,,,,,,,,,,,,,,,1409.181858,,,,,
1688/12/31,,,,,,,,,,,,,,,,,,,,,,,,,,,,,,,,,,,,,,,,,,,,,1427.473828,,,,,
1689/12/31,,,,,,,,,,,,,,,,,,,,,,,,,,,,,,,,,,,,,,,,,,,,,1445.323007,,,,,
1690/12/31,,,,,,,,,,,,,,,,,,,,,,,,,,,,,,,,,,,,,,,,,,,,,1456.58747,,,,,
1691/12/31,,,,,,,,,,,,,,,,,,,,,,,,,,,,,,,,,,,,,,,,,,,,,1454.818812,,,,,
1692/12/31,,,,,,,,,,,,,,,,,,,,,,,,,,,,,,,,,,,,,,,,,,,,,1452.095224,,,,,
1693/12/31,,,,,,,,,,,,,,,,,,,,,,,,,,,,,,,,,,,,,,,,,,,,,1455.349428,,,,,
1694/12/31,,,,,,,,,,,,,,,,,,,,,,,,,,,,,,,,,,,,,,,,,,,,,1455.083821,,,,,
1695/12/31,,,,,,,,,,,,,,,,,,,,,,,,,,,,,,,,,,,,,,,,,,,,,1457.345536,,,,,
1696/12/31,,,,,,,,,,,,,,,,,,,,,,,,,,,,,,,,,,,,,,,,,,,,,1462.403735,,,,,
1697/12/31,,,,,,,,,,,,,,,,,,,,,,,,,,,,,,,,,,,,,,,,,,,,,1453.988722,,,,,
1698/12/31,,,,,,,,,,,,,,,,,,,,,,,,,,,,,,,,,,,,,,,,,,,,,1437.133743,,,,,
1699/12/31,,,,,,,,,,,,,,,,,,,,,,,,,,,,,,,,,,,,,,,,,,,,,1435.851888,,,,,
1700/12/31,,,,,,,,,,,,,,,,,,,5750,,,,,,,,,,,,,,,,,,,,,,,,,,1446.240384,,,,251,
1701/12/31,,,,,,,,,,,,,,,,,,,,,,,,,,,,,,,,,,,,,,,,,,,,,1455.705904,,,,,
1702/12/31,,,,,,,,,,,,,,,,,,,,,,,,,,,,,,,,,,,,,,,,,,,,,1469.912186,,,,,
1703/12/31,,,,,,,,,,,,,,,,,,,,,,,,,,,,,,,,,,,,,,,,,,,,,1485.589868,,,,,
1704/12/31,,,,,,,,,,,,,,,,,,,,,,,,,,,,,,,,,,,,,,,,,,,,,1498.364509,,,,,
1705/12/31,,,,,,,,,,,,,,,,,,,,,,,,,,,,,,,,,,,,,,,,,,,,,1506.59291,,,,,
1706/12/31,,,,,,,,,,,,,,,,,,,,,,,,,,,,,,,,,,,,,,,,,,,,,1508.692288,,,,,
1707/12/31,,,,,,,,,,,,,,,,,,,,,,,,,,,,,,,,,,,,,,,,,,,,,1515.781801,,,,,
1708/12/31,,,,,,,,,,,,,,,,,,,,,,,,,,,,,,,,,,,,,,,,,,,,,1527.654346,,,,,
1709/12/31,,,,,,,,,,,,,,,,,,,,,,,,,,,,,,,,,,,,,,,,,,,,,1524.527757,,,,,
1710/12/31,,,,,,,,,,,,,,,,,,,,,,,,,,,,,,,,,,,,,,,,,,,,,1476.389289,,,,332,
1711/12/31,,,,,,,,,,,,,,,,,,,,,,,,,,,,,,,,,,,,,,,,,,,,,1415.185257,,,,,
1712/12/31,,,,,,,,,,,,,,,,,,,,,,,,,,,,,,,,,,,,,,,,,,,,,1403.012856,,,,,
1713/12/31,,,,,,,,,,,,,,,,,,,,,,,,,,,,,,,,,,,,,,,,,,,,,1422.034996,,,,,
1714/12/31,,,,,,,,,,,,,,,,,,,,,,,,,,,,,,,,,,,,,,,,,,,,,1441.426966,,,,,
1715/12/31,,,,,,,,,,,,,,,,,,,,,,,,,,,,,,,,,,,,,,,,,,,,,1460.301195,,,,,
1716/12/31,,,,,,,,,,,,,,,,,,,,,,,,,,,,,,,,,,,,,,,,,,,,,1475.470034,,,,,
1717/12/31,,,,,,,,,,,,,,,,,,,,,,,,,,,,,,,,,,,,,,,,,,,,,1476.880745,,,,,
1718/12/31,,,,,,,,,,,,,,,,,,,,,,,,,,,,,,,,,,,,,,,,,,,,,1477.312359,,,,,
1719/12/31,,,,,,,,,,,,,,,,,,,,,,,,,,,,,,,,,,,,,,,,,,,,,1481.901144,,,,,
1720/12/31,,,,,,,,,,,,,,,,,,,,,,,,,,,,,,,,,,,,,,,,,,,,,1485.547372,,,,466,
1721/12/31,,,,,,,,,,,,,,,,,,,,,,,,,,,,,,,,,,,,,,,,,,,,,1500.856034,,,,,
1722/12/31,,,,,,,,,,,,,,,,,,,,,,,,,,,,,,,,,,,,,,,,,,,,,1518.62544,,,,,
1723/12/31,,,,,,,,,,,,,,,,,,,,,,,,,,,,,,,,,,,,,,,,,,,,,1534.979146,,,,,
1724/12/31,,,,,,,,,,,,,,,,,,,,,,,,,,,,,,,,,,,,,,,,,,,,,1552.80594,,,,,
1725/12/31,,,,,,,,,,,,,,,,,,,,,,,,,,,,,,,,,,,,,,,,,,,,,1568.803598,,,,,
1726/12/31,,,,,,,,,,,,,,,,,,,,,,,,,,,,,,,,,,,,,,,,,,,,,1585.453461,,,,,
1727/12/31,,,,,,,,,,,,,,,,,,,,,,,,,,,,,,,,,,,,,,,,,,,,,1599.989009,,,,,
1728/12/31,,,,,,,,,,,,,,,,,,,,,,,,,,,,,,,,,,,,,,,,,,,,,1609.336045,,,,,
1729/12/31,,,,,,,,,,,,,,,,,,,,,,,,,,,,,,,,,,,,,,,,,,,,,1617.863491,,,,,
1730/12/31,,,,,,,,,,,,,,,,,,,,,,,,,,,,,,,,,,,,,,,,,,,,,1629.209541,,,,629,
1731/12/31,,,,,,,,,,,,,,,,,,,,,,,,,,,,,,,,,,,,,,,,,,,,,1643.122787,,,,,
1732/12/31,,,,,,,,,,,,,,,,,,,,,,,,,,,,,,,,,,,,,,,,,,,,,1657.046713,,,,,
1733/12/31,,,,,,,,,,,,,,,,,,,,,,,,,,,,,,,,,,,,,,,,,,,,,1669.999254,,,,,
1734/12/31,,,,,,,,,,,,,,,,,,,,,,,,,,,,,,,,,,,,,,,,,,,,,1683.163005,,,,,
1735/12/31,,,,,,,,,,,,,,,,,,,,,,,,,,,,,,,,,,,,,,,,,,,,,1696.016809,,,,,
1736/12/31,,,,,,,,,,,,,,,,,,,,,,,,,,,,,,,,,,,,,,,,,,,,,1704.863775,,,,,
1737/12/31,,,,,,,,,,,,,,,,,,,,,,,,,,,,,,,,,,,,,,,,,,,,,1704.586358,,,,,
1738/12/31,,,,,,,,,,,,,,,,,,,,,,,,,,,,,,,,,,,,,,,,,,,,,1704.589353,,,,,
1739/12/31,,,,,,,,,,,,,,,,,,,,,,,,,,,,,,,,,,,,,,,,,,,,,1712.225387,,,,,
1740/12/31,,,,,,,,,,,,,,,,,,,,,,,,,,,,,,,,,,,,,,,,,,,,,1714.213959,,,,906,
1741/12/31,,,,,,,,,,,,,,,,,,,,,,,,,,,,,,,,,,,,,,,,,,,,,1710.912464,,,,,
1742/12/31,,,,,,,,,,,,,,,,,,,,,,,,,,,,,,,,,,,,,,,,,,,,,1704.221255,,,,,
1743/12/31,,,,,,,,,,,,,,,,,,,,,,,,,,,,,,,,,,,,,,,,,,,,,1686.459919,,,,,
1744/12/31,,,,,,,,,,,,,,,,,,,,,,,,,,,,,,,,,,,,,,,,,,,,,1683.348646,,,,,
1745/12/31,,,,,,,,,,,,,,,,,,,,,,,,,,,,,,,,,,,,,,,,,,,,,1703.184654,,,,,
1746/12/31,,,,,,,,,,,,,,,,,,,,,,,,,,,,,,,,,,,,,,,,,,,,,1722.068599,,,,,
1747/12/31,,,,,,,,,,,,,,,,,,,,,,,,,,,,,,,,,,,,,,,,,,,,,1735.526531,,,,,
1748/12/31,,,,,,,,,,,,,,,,,,,,,,,,,,,,,,,,,,,,,,,,,,,,,1748.220325,,,,,
1749/12/31,,,,,,,,,,,,,,,,,,,,,,,,,,,,,,,,,,,,,,,,,,,,,1759.733443,,,,,
1750/12/31,,,,,,,,1500,,260000,,,,,,,421.5,,7000,,,,,,,,,,25918,,,,,,,620,,,,,,,,,1772.683052,,,,1171,
1751/12/31,,,,,,,,,,,,,,,,,450,,,,,,,,,,,,,,,,,,,630,,,,,,,,,1791.372883,,,,,
1752/12/31,,,,,,,,,,,,,,,,,430,,,,,,,,,,,,,,,,,,,630,,,,,,,,,1809.402833,,,,,
1753/12/31,,,,,,,,,,,,,,,,,440,,,,,,,,,,,,,,,,,,,640,,,,,,,,,1827.255353,,,,,
1754/12/31,,,,,,,,,,,,,,,,,450,,,,,,,,,,,,,,,,,,,640,,,,,,,,,1847.433115,,,,,
1755/12/31,,,,,,,,,,,,,,,,,450,,,,,,,,,,,,,,,,,,,650,,,,,,,,,1866.01634,,,,,
1756/12/31,,,,,,,,,,,,,,,,,460,,,,,,,,,,,,26062,,,,,,,660,,,,,,,,,1882.212739,,,,,
1757/12/31,,,,,,,,,,,,,,,,,470,,,,,,,,,,,,,,,,,,,660,,,,,,,,,1891.20616,,,,,
1758/12/31,,,,,,,,,,,,,,,,,470,,,,,,,,,,,,,,,,,,,670,,,,,,,,,1893.216986,,,,,
1759/12/31,,,,,,,,,,,,,,,,,480,,,,,,,,,,,,,,,,,,,680,,,,,,,,,1899.644846,,,,,
1760/12/31,,,,,,,,,,268000,,,,,,,490,,,,,,,,,,,,,,,,,,,680,,,,,,,,,1915.532486,,,,1594,
1761/12/31,,,,,,,,,,,,,,,,,500,,,,,,,,,,,,,,,,,,,690,,,,,,,,,1933.733799,,,,,
1762/12/31,,,,,,,,,,,,,,,,,510,,,,,,,,,,,,25921,,,,,,,700,,,,,,,,,1945.80476,,,,,
1763/12/31,,,,,,,,,,,,,,,,,510,,,,,,,,,,,,,,,,,,,700,,,,,,,,,1950.797969,,,,,
1764/12/31,,,,,,,,,,,,,,,,,510,,,,,,,,,,,,,,,,,,,700,,,,,,,,,1959.201581,,,,,
1765/12/31,,,,,,,,,,,,,,,,,520,,,,,,,,,,,,,,,,,,,710,,,,,,,,,1971.49983,,,,,
1766/12/31,,,,,,,,,,,,,,,,,530,,,,,,,,,,,,,,,,,,,710,,,,,,,,,1984.46822,,,,,
1767/12/31,,,,,,,,,,,,,,,,,530,,,,,,,,,,,,,,,,,,,710,,,,,,,,,2000.89975,,,,,
1768/12/31,,,,,,,,,,,,,,,,,540,,,,,,,,,,,,26252,,,,,,,720,,,,,,,,,2015.113698,,,,,
1769/12/31,,,,,,,,,,,,,,,,,550,,,,,,,,,,,,,,,,,,,730,,,,,,,,,2025.512396,,,,,
1770/12/31,,,,,,,,,,272000,,,,,,,560,,,,,,,,,,,14689,,,,,,,,730,,,,,,,,,2036.523539,,,,2148,
1771/12/31,,,,,,,,,,,,,,,,,560,,,,,,,,,,,,,,,,,,,739.2,,,,,,,,,2046.622987,,,,,
1772/12/31,,,,,,,,,,,,,,,,,570,,,,,,,,,,,,,,,,,,,742.9,,,,,,,,,2041.436668,,,,,
1773/12/31,,,,,,,,,,,,,,,,,580,,,,,,,,,,,,,,,,,,,735,,,,,,,,,2004.531168,,,,,
1774/12/31,,,,,,,,,,,,,,,,,590,,,,,,,,,,,,25990,,,,,,,727.3,,,,,,,,,1988.673241,,,,,
1775/12/31,,,,,,,,,,,,,,,,,600,,,,,,,,,,,,,,,,,,,731.8,,,,,,,,,2010.501016,,,,,
1776/12/31,,,,,,,,,,,,,,,,,610,,,,,,,,,,,,,,,,,,,738.3,,,,,,,,,2031.042282,,,,,
1777/12/31,,,,,,,,,,,,,,,,,620,,,,,,,,,,,,,,,,,,,745,,,,,,,,,2049.20266,,,,,
1778/12/31,,,,,,,,,,,,,,,,,630,,,,,,,,,,,,,,,,,,,752.8,,,,,,,,,2065.205715,,,,,
1779/12/31,,,,,,,,,,,,,,,,,640,,,,,,,,,,,,,,,,,,,758.4,,,,,,,,,2081.443989,,,,,
1780/12/31,,,,,,,,,,342000,,,,,,,660,,,,,,,,,,,,26011,,,,,,,762.4,,,,,,,,,2103.903709,,,,2780,
1781/12/31,,,,,,,,,,,,,,,,,660,,,,,,,,,,,,,,,,,,,768.9,,,,,,,,,2125.583911,,,,,
1782/12/31,,,,,,,,,,,,,,,,,670,,,,,,,,,,,,,,,,,,,776,,,,,,,,,2136.945187,,,,,
1783/12/31,,,,,,,,,,,,,,,,,670,,,,,,,,,,,,,,,,,,,780.2,,,,,,,,,2142.27761,,,,,
1784/12/31,,,,,,,,,,,,,,,,,670,,,,,,,,,,,,,,,,,,,783.6,,,,,,,,,2144.391343,,,,,
1785/12/31,,,,,,3026,,,,,,,,,,,680,,,,,,,,,,,,,,,,,,,784.3,,,,,,,,,2147.49179,,,,,
1786/12/31,,,,,,,,,,,,,,,,,690,,,,,,,,,,,,25086,,,,,,,784.8,,,,,,,,,2156.583213,,,,,
1787/12/31,,,,,,,,,,,,,,,,,700,,,,,,,,,,,,,,,,,,,789.6,,,,,,,,,2170.896065,,,,,
1788/12/31,,0.9,,,,,,,,,,,,,,,700,,,,,,,,,,,,,,,,,,,793.8,,,,,,,,,2185.569711,,,,,
1789/12/31,,0.6,,,,,,,,,,,,,,10061.5,710,,,,,,,,,,,,,,,,,,,795.5,,,,,,,,,2190.860177,,,,,
1790/12/31,,2.1,,,,3225,,,,359000,,,,,,,710,,,,,,,,,,,,,,,,,,,799,,,,,,,,,2188.346914,,,,3929.7,
1791/12/31,,2.9,,,,,,,,,,,,,,,710,,,,,,,,,,,,,,,,,,,806.4,,,,,,,,,2195.013383,,,,4050,
1792/12/31,,3.3,,,,,,,,,,,,,,,720,,,,,,,,,,,,24891,,,,,,,814.5,,,,,,,,,2215.789802,,,,4194,
1793/12/31,,3.5,,,,,,,,,,,,,,,730,,,,,,,,,,,,,,,,,,,823.6,,,,,,,,,2240.105023,,,,4332,
1794/12/31,,3.6,,,,,,,,,,,,,,,750,,,,,,,,,,,,,,,,,,,833.7,,,,,,,,,2261.877823,,,,4469,
1795/12/31,,3.5,,,,3435,,,,,,,,,,,760,,,,,,,,,,,16257,,,,,,,,843,,,,,,,,,2277.009766,,,,4607,
1796/12/31,,4.1,,,,,,,,,,,,,,,780,,,,,,,,,,,,,,,,,,,851.3,,,,,,,,,2290.943919,,,,4745,
1797/12/31,,4.3,,,,,,,,,,,,,,,790,,,,,,,,,,,,,,,,,,,859.8,,,,,,,,,2311.77728,,,,4883,
1798/12/31,,4.6,,,,3569,,,,,,,,,,,810,,,,,,,,,,,,25471,,,,,,,868.3,,,,,,,,,2333.496436,,,,5021,
1799/12/31,,5.1,,,,,,,,,,,,,,,820,,,,,,,,,,,,,,,,,,,877.5,,,,,,,,,2350.601835,,,,5159,
1800/12/31,552,5.2,3064,,,3660,,,,340000,,,,,,,830,,,,,,,,,,,17237,,,,,,,,880,,,,,,,,,2352.14301,,,,5297,
1801/12/31,,5.9,,,,,240,,,,,,,929,,,840,27500,10280,,,,,,,,,,,,,,,,,882.8,,,,,2907,,,,2351.124389,,,,5486,
1802/12/31,,7,,,,,,,,,,,,,,,860,27880,10770,,,,,,,,,,,,,,,,,883.4,,,,,,,,,2363.568238,,,,5679,
1803/12/31,,7.2,,,,,,,,,,,,,,,870,28270,10890,,,,,,,,,,,,,,5765,,,885.8,,,,,,,,,2380.403371,,,,5872,
1804/12/31,,7.6,,,,,,,,,,,,,,,880,28980,11050,,,,,,,,,,25622,,,,,,2155,889.1,,,,,,,,,2396.204456,,,,6065,
1805/12/31,,7.7,,,,3900,,,,,,,,,,,890,28920,11210,,,,,,,,,,,,,,,,2165,894.5,,,,,,,,,2412.909293,,,,6258,
1806/12/31,,7.9,,,,,403,,,,,,,,,,900,29170,11380,,,,,,,,,,,,,,,,2178,901.9,,,,,,,,,2425.38419,,,,6451,
1807/12/31,,8.8,,,,,,,,,,,,,,,900,29130,11530,,,,,,,,,,,,,,,,2192,908.4,,,,,,,,,2434.160438,,,,6644,
1808/12/31,,10,,,,4051,,,,,,,,,,,890,29150,11680,,,,,,,,,,,,,,,,2196,911.2,,,,,,,,,2433.588095,,,,6838,
1809/12/31,406,12,,,,,,,,,,,,,,,870,29200,11840,,,,,,,,,,,,,,,,2191,904.8,,,,,,,,,2410.788343,,,,7031,
1810/12/31,,12,3054,,,4155,,,629.764,385000,,,,,,11500,860,29280,11990,,,,,,,,,,,,,,,,2194,898.1,,,,,,,,,2395.225736,,,,7224,
1811/12/31,,12,,,,,,,640.27,,,,,,,,870,29350,12140,,,,,,,,,,,,,,,,2201,898.1,,,,,,,,,2403.854752,,,,7460,
1812/12/31,,13,,,,,,,651.747,,,,,,,,1060,29370,12330,,,,,,,,,,,,,,,,2208,901.9,,,,,,,,,2415.078167,,,,7700,
1813/12/31,,14,,,,,,,664.13,,,,,,,,1070,29330,12530,,,,,,,,,,,,,,,,2215,903.3,,,,,,,,,2421.363121,,,,7939,
1814/12/31,,14,,,,,,,677.356,,,,,,,,1080,29340,12720,,,,,,,,,,,,,,,,2228,902.1,,,,,,,,,2431.084497,,,,8179,
1815/12/31,,15,,,,4427,,1558,691.368,,,,,1030,,,1090,29380,12930,,,,,,,,,,,,,,,,2233,907.3,,,,,,,,,2451.616811,,,,8419,
1816/12/31,,18,,3611,,,,,706.114,,,,23103.2,1040,,,1110,29480,13160,,,,,,,,,18381,,,,,,,2263,919.2,,,,,,,,,2481.222057,,,,8659,
1817/12/31,,21,,,,4541,,,721.542,,,,25000,1050,,,1120,29700,13370,,,,,,,,,,,,,,,,2291,933.4,,,,,,,,,2509.434409,,,,8899,
1818/12/31,,26,,,,,,,737.604,,,,25370,1070,,,1140,29880,13560,,,,,,,,,,,,,,,,2306,945.8,,,,,,,,,2533.895745,,,,9139,
1819/12/31,527,31,,,,4657,,,754.253,,,,25730,1080,,,1160,30060,13760,,,,,,,,,,,,,,,,2328,957.2,,,,,,,,,2554.08394,,,,9379,
1820/12/31,534,34,3369,3434,,4717,,1986,771.447,381000,,4736,26100,1100,,12203,1170,30250,13970,2312,,,17927,,5052.603,,,20176,31000,,,,6587,,2354,970.1,,,2176,,3297,,,,2573.209503,,,,9618,
1821/12/31,,35,3386,3464,,,,1998,789.144,383711.494,,,26470,1110,,12284,1190,30450,14210,2333,,,18075.923,,5123.045,,,20306,31032.824,,,,,,2378,984.1,,,,,3316,,,,2597.74702,,,,9939,
1822/12/31,,37,3402,3495,,,,2008,807.304,386442.286,84,,26850,1120,,12366,1200,30700,14450,2355,,,18226.083,,5170.718,,,20437,31065.683,,,,,,2411,997.8,,,,,3335,,,,2628.532258,,,,10268,
1823/12/31,,41,3419,3526,,4899,,2020,825.89,389192.512,,,27220,1140,,12449,1220,30940,14680,2376,,,18377.49,,5219.102,,,20568,31098.577,,751,,,,2442,1012.7,,,,,3354,,,,2667.586996,,,,10596,
1824/12/31,,48,3436,3557,,,,2031,844.866,391962.31,,,27570,1150,,12532,1240,31190,14900,2398,,,18530.155,,5267.487,,,20701,31131.506,,753,,,,2475,1028.1,,,,,3373,,,,2707.887883,,,,10924,
1825/12/31,766,53,3452,3589,,5025,,2042,864.198,394751.821,,,27930,1170,,12615,1250,31410,15100,2420,,,18684.088,,5316.582,,,20834,31164.47,,754,,,,2515,1044.2,,,,,3393,,,,2748.974962,,,,11252,
1826/12/31,,54,3469,3620,,,,2054,883.855,397561.184,,,28260,1180,,12699,1270,31600,15300,2443,,,18839.3,,5366.39,,,20968,31197.468,,753,,,,2550,1061.9,,,,,3412,,,,2788.038161,,,,11580,
1827/12/31,,56,3486,3652,,5154,,2065,903.807,400390.54,,,28560,1190,,12784,1280,31800,15510,2465,,,18995.801,,5416.197,,,21103,31230.502,,890,,,,2566,1078.6,,,,,3432,,,,2816.299441,,,,11909,
1828/12/31,,58,3504,3685,,,,2077,924.027,403240.033,,,28860,1200,,12869,1300,32000,15730,2488,,,19153.603,,5466.716,,,21239,31263.57,,934,,,,2580,1093.3,,,,,3452,,,,2837.23748,,,,12237,
1829/12/31,634,62,3521,3717,,,,2088,944.49,406109.805,,,29140,1210,,12955,1320,32280,15940,2511,,,19312.715,,5517.947,,,21376,31296.674,,942,,,,2608,1108.4,,,,,3472,,,,2854.948304,,,,12565,
1830/12/31,,70,3538,3750,,5354,,2100,965.173,409000,,,29390,1210,,13041,1350,32370,16140,2534,,,19473.149,,5569.177,49,,21513,31329.812,,962,,6382,,2626,1123.7,,,,,3491,,,,2875.57994,,,,12901,
1831/12/31,,76,3555,3782,,,,2112,986.056,409299.014,,,29640,1210,,13128,1380,32570,16360,2557,,,19634.916,,5621.119,,,21652,31362.986,,960,,6436.9,,2721,1137.4,,,,,3512,,,,2894.55325,,,,13321,
1832/12/31,,84,3573,3814,,,,2123,1007.12,409598.247,,,29910,1210,,13216,1380,32730,16560,2581,,,19798.026,,5655.984,,,21791,31396.194,,1009,,,,2813,1150.5,,,,,3532,,,,2911.89967,,,,13742,
1833/12/31,,98,3590,3846,,,,2135,1028.35,409897.699,,,30180,1220,,13304,1370,32890,16750,2605,,,19962.492,,5690.849,,,21932,31429.438,,1269,,,,2899,1163.2,,,,,3552,,,,2940.91487,,,,14162,
1834/12/31,,106,3608,3879,,5690,1754.9,2147,1049.733,410197.37,,,30470,1230,,13392,1380,33070,16970,2629,,,20128.324,,5725.715,,,22073,31462.717,,1168,,,,2996,1174.8,,,,,3475,,,,2971.07394,,,,14582,
1835/12/31,,113,3626,3912,,5777,,2159,1071.256,410497.259,,,30800,1240,,13482,1390,33260,17190,2653,,,20295.533,,5760.58,56,,22215,31496.031,,1242,,,,3092,1188.1,,,,,3595,,,,3004.172255,,,,15003,
1836/12/31,,125,3614,4230,,,,2171,1092.912,410797.368,,,31130,1250,,13571,1390,33540,17430,2677,,,20464.132,,5796.156,,,22358,31529.381,,1241,,,,3191,1202.4,,,,,3617,,,,3042.350236,,,,15423,
1837/12/31,,134,3662,4260,,,,2183,1114.694,411097.697,,,31450,1260,,13662,1390,33690,17620,2702,,,20634.131,,5831.733,,,22502,31562.766,,1256,,,,3292,1213.9,,,,,3639,,,,3067.758461,,,,15843,
1838/12/31,,152,3680,4300,,,,2195,1136.597,411398.245,,,31820,1270,,13753,1400,33790,17840,2727,,,20805.542,,5868.021,,,22647,31596.186,,1283,,7044,,3394,1224.2,,,,4344.4,3661,,,,3083.214965,,,,16264,
1839/12/31,768,170,3698,,,,,2208,1158.619,411699.012,,,32220,1280,,13845,1420,33940,18080,2752,,,20978.378,,5904.31,,,22793,31629.642,,1369,,,,3500,1232.6,,,,,3683,,,,3098.349916,,,,16684,
1840/12/31,926,190,3716,4050,,6233,,2220,1180.761,412000,,6340.8,32620,1290,,13937,1440,34080,18330,2777,,,21152.649,,5940.598,57.1,,22939,31663.133,,1400,783.2,,,2874,1241.1,2.05,,2675.5,,3704,,,,3122.630905,,,,17120,
1841/12/31,,221,3739,4110,,,,2235,1203.023,412000,,,32990,1300,,14030,1450,34230,18550,2803,15,,21328.367,,5976.886,,,23087,31696.659,,1366,,6744,,2908,1254.4,5,,,,3715,,,,3155.976976,,,,17733,
1842/12/31,,241,3762,4160,,,2121.2,2251,1225.41,412000,,6502.9,33310,1310,,14123,1480,34450,18780,2829,,,21505.546,,5992.54,,,23236,31730.221,,1365,,,,2944,1270.6,10.992,,,,3726,,,,3189.923719,,,,18345,
1843/12/31,,251,3785,4190,,,,2266,1247.926,412000,,,33610,1330,,14217,1500,34660,19010,2855,,,21684.196,,6006.059,,,23385,31763.819,,1442,,,,2970,1286.2,11.848,,,,3738,,,,3221.669415,,,,18957,
1844/12/31,,264,3808,4240,,,,2282,1270.578,412000,,,33930,1340,,14312,1520,34900,19240,2881,,,21864.33,,6033.097,,,23536,31797.452,,,,,,3002,1301.8,12.447,,,4769.8,3749,,,,3255.82559,,,,19569,
1845/12/31,,279,3831,4280,,6725,,2298,1293.375,412000,,,34290,1360,665,14407,1540,35160,19440,2908,,,22045.961,,6045.905,58.6,,23687,31831.121,,,,,,3034,1319.2,12.774,,,,3760,,,,3295.769485,,,,20182,
1846/12/31,,293,3855,4320,,,,2314,1316.325,412000,,,34620,1370,,14503,1550,35400,19710,2934,,,22229.101,,6040.924,,,23840,31864.825,,,863.7,,,3068,1336.7,13.274,,,,3771,,,,3329.705353,,,,20794,
1847/12/31,1006.6,309,3878,4340,,,,2330,1339.439,412000,,,34790,1380,,14600,1570,35470,19950,2961,,,22413.762,,5838.137,,,23993,31898.565,,1556,,,,3078,1351.3,14.477,,,4857.7,3783,,,,3352.485834,,,,21406,
1848/12/31,,332,3902,4350,,,,2346,1362.729,412000,,,34850,1400,,14697,1590,35520,20180,2989,21.514,,22599.957,,5436.12,,,24148,31932.341,,1479,,,,3071,1363.4,17.166,,,,3794,,,,3379.716699,,,,22018,
1849/12/31,935,373,3926,4370,,,,2363,1386.207,412000,,,35010,1410,,14795,1610,35550,20410,3016,,,22787.699,,5162.891,,,24303,31966.153,,1524,,6868.7,,3074,1376.6,19.543,,,4781.4,3804,,,,3419.299765,,,128.3,22631,
1850/12/31,,405,3950,4400,,7256,,2379,1409.885,412000,,6648.3,35310,1420,881.9,14894,1630,35630,20670,3044,,,22977,,4893.931,59.2,,24460,32000,,1588,,7485.2,,3084,1391.9,22.108,,3815.9,,3816,,,,3461.852046,,,,23261,
1851/12/31,,438,3978,4450,,7344,2436.3,2399,1433.777,408358.528,,,35630,1440,,14974,1650,35800,20900,3072,33.1,,23242.887,,4634.933,,,24617,32117.649,,1643,787.6,,,3118,1408.9,26.707,,,,3827,,,,3499.552451,,,,24086,
1852/12/31,,514,4006,4410,,7456,2472,2406,1457.897,404749.241,,,35860,1460,,15055,1660,35950,21130,3100,,,23511.851,,4508.991,,,24776,32235.73,,1714,,,,3153,1425.5,27.633,,,4812.6,3839,,,,3528.507998,,,,24911,
1853/12/31,,601,4035,4530,,7570,,2412,1482.258,401171.855,,,35990,1470,,15136,1670,36070,21360,3129,40,,23783.928,,4410.8,,,24935,32354.246,,1675,,,,3186,1439.8,30,,,,3850,,,,3551.844033,,,,25736,
1854/12/31,,695,4063,4570,,7686,,2427,1506.873,397626.087,,,36100,1490,,15217,1680,36230,21600,3158,,,24059.152,,4328.262,,,25096,32473.197,,1710,,7859.6,,3209,1457,32.554,,,,3858,,,,3585.650008,,,177.3,26561,
1855/12/31,1171.8,793,4092,4600,,7803,,2442,1531.758,394111.659,,7252.3,36140,1510,987,15299,1690,36080,21810,3187,,,24337.562,,4279.877,64.6,,25257,32592.585,,1626,,7853,,3233,1478.7,37.192,,,4797.8,3867,,,,3624.5302,,,,27386,
1856/12/31,,877,4120,4570,,7923,,2457,1556.924,390628.294,,,36260,1530,1108.1,15381,1690,36190,22040,3216,,,24619.194,,4249.993,,,25420,32712.413,,1697,,,,3243,1500.6,45.54,,,,3875,,,,3656.964549,,,,28212,
1857/12/31,1300,970,4150,4529.6,,8044,,2471,1582.386,387175.716,,,36530,1550,,15455,1690,36300,22270,3246,,,24904.084,,4211.57,,,25584,32832.681,,1728,,8137.9,,3269,1520.7,49.802,,,4789.4,3889,,,,3680.287247,,,,29037,
1858/12/31,,1051,4178,4600,,8167,,2484,1608.154,383753.654,,7016.5,36830,1570,1040.4,15526,1700,36340,22500,3273,75,,25192.271,,4191.647,,,25748,32953.391,,1760,876,,,3291,1543.2,59.413,,,,3925,,,,3710.847229,,,,29862,
1859/12/31,1304,1097,4206,4650,,8291,,2497,1634.242,380361.838,,,37190,1590,,15584,1720,36500,22730,3306,,,25483.793,,4171.013,,,25914,33074.545,,1791,,,,3303,1569.8,71.593,,,,3963,,,,3760.892387,,,217.4,30687,
1860/12/31,,1146,4235,4700,,8418,,2510,1660.659,377000,,,37610,1610,,15642,1740,36510,22950,3336,,,25778.689,,4141.84,67,,26081,33196.144,,1876,,,,3312,1596.1,79.711,,,4840.5,4000,,,,3823.562061,,,241,31513,
1861/12/31,,1168,4263,4760,,8547,3229.6,2524,1687.416,375055.482,,,38000,1630,,15699,1760,37390,23190,3367,119.321,,26076.997,,4118.359,,,26150,33318.191,,1919,,,,3329,1613.9,99.021,,,,4074,,,,3888.426806,5845,,,32000,
1862/12/31,,1207,4292,4810,,8678,,2538,1714.521,373120.994,,,38360,1650,,15754,1780,37520,23470,3398,,,26378.757,,4109.821,,,26328,33440.686,,2080,,8295.6,,3356,1627,125.812,,,4972.2,4113,,,,3941.544218,,,,33188,
1863/12/31,,1259,4321,4860,,8810,,2552,1741.983,371196.483,,,38760,1670,,15809,1790,37710,23760,3430,,,26684.009,,4068.552,,,26507,33563.632,,2088,900,8816,,3382,1646.4,164.048,,,,4131,,,,3994.131013,,,301,34026,
1864/12/31,1510,1325,4350,4920,,8945,,2566,1769.808,369281.899,,,39190,1690,,15864,1810,37860,24040,3461,,,26992.793,,4013.764,,,26712,33687.029,,2051,,,,3418,1668.3,172.158,,,,4176,,,,4046.242807,,,,34863,
1865/12/31,1559,1390,4380,4960,,9082,,2579,1798.001,367377.19,,,39550,1710,,15920,1830,38020,24320,3493,,,27305.15,,3981.033,,,26915,33810.88,,2050,,,,3448,1690.1,190.607,,,5319.5,4201,,,,4092.041646,,,,35701,
1866/12/31,1616,1444,4409,4827.8,,9221,,2593,1826.566,365482.306,,,39790,1720,,15976,1840,38080,24620,3525,117.5,,27621.122,,3929.803,,,27131,33935.187,,2088,,,,3478,1706.9,204.114,,,,4226,,,,4137.343572,,,350,36538,
1867/12/31,1675,1484,4439,4860,,9362,3463,2607,1855.505,363597.195,,,40030,1740,,16032,1830,38230,24910,3558,,,27940.751,,3904.187,,,27381,34059.95,,2094,973.6,,,3495,1716.1,218.668,,4319,5705.6,4251,,,,4178.142343,,,,37376,
1868/12/31,1737,1540,4469,4930,,9505,3511,2623,1884.819,361721.807,,,40220,1760,,16088,1780,38330,25220,3591,,,28264.078,,3889.245,68.6,,27440,34185.173,,2081,,8743.6,,3530,1723.8,226.618,,,,4276,,,,4184.365241,,,,38213,
1869/12/31,1802,1592,4497.9,4990,,9650,3565,2639,1914.507,359856.092,,,40490,1780,,16144,1730,36820,25530,3621,,5014.2,28591.147,,3877.149,,,27561,34310.855,,2105,,,,3560,1729.2,237.249,,,,4302,,,,4165.912344,,,,39051,
1870/12/31,1859,1648,4520,5060,,9797,3625,2655,1944.569,358000,,7684.4,40800,1790,1013,16201,1750,36870,25840,3657,123,5717,28922,,3855.803,69.8,,27801,34437,,2129,,9173.1,,3595,1735.4,248.4,,5561.2,,4327,,,,4163.638136,5775,2345,343,39905,1084.2
1871/12/31,1910,1701,4562,5100,,9947,3689.3,2680,1974.998,358988,,,41000,1810,,16258,1790,36190,26160,3694,124.2,,29463,191307.1,3840.861,,,27974,34648,,2405,1001.9,,,3629,1744.9,266.986,,,6026.4,4353,,,,4186.313047,,,354,40938,
1872/12/31,1963,1743,4604,5140,,10099,3754,2697,2005.79,359978,,,41230,1820,,16315,1820,36140,26500,3732,,,30060,,3823.072,,,28151,34859,,,,9276.1,,3648,1755.1,279.56,,,,4379,,,,4227.231289,,,364,41972,
1873/12/31,2017,1795,4646,5210,,10289,3826,2715,2036.939,360971,,,41560,1840,,16372,1850,36340,26850,3770,,,30555,,3791.053,,,28314,35070,,2324,,,,3682,1766.8,295.946,,,6225.6,4405,,,,4274.125848,,,376,43006,
1874/12/31,2073,1849,4688,5300,,10486,3895,2733,2068.435,361967,,,42000,1860,,16429,1870,36490,27200,3809,,,30962,,3770.419,71.1,,28459,35235,,2419,,,,3724,1783.2,341.86,,,,4431,,,,4319.710525,,,387,44040,
1875/12/31,2132,1898,4730,5370,,10687,3954,2750,2100.268,362966,,,42520,1870,866.1,16487,1900,36660,27550,3848,,,31197,,3756.188,,,28551,35436,,2460,,,,3772,1803.1,421.326,,,,4458,,,,4362.375097,,,399,45073,1636.5
1876/12/31,2192,1959,4772,5336.3,,10891,4009,2768,2132.427,363967,,,43060,1890,,16545,1930,36830,27920,3887,139.114,,31394,,3755.477,,,28709,35713,,2557,,,,3811,1828.9,444.545,,6173.6,,4484,,,,4406.440868,,,411,46107,
1877/12/31,2255,2031,4815,5370,,11099,4064,2786,2164.899,364971,,,43610,1920,,16603,1960,37000,28290,3927,,,31740,,3761.169,,272.23,28964,36018,,2756,,,,3860,1851.6,454.088,,,,4511,,,,4457.04319,,,424,47141,
1878/12/31,2320,2092,4857,5440,,11311,4120,2803,2197.67,365978,,,44130,1940,946,16677,1980,37180,28660,3967,,,32035,,3758.323,72,275.487,29169,36315,,2607,,,,3913,1876.8,476.114,,6163.6,,4538,,,,4508.140411,,,437,48174,
1879/12/31,2387,2161,4899,5510,,11528,4185,2821,2230.723,366988,,,44640,1960,,16768,2110,37320,29040,4008,,,32293,,3746.938,,278.796,29334,36557,,2558,,9686.8,,3962,1902.1,507.324,,,,4571,,,,4555.321286,,,450,49208,
1880/12/31,2457,2232,4963.1,5530,,11748,4255,2839,2264.042,368000,,,45090,1980,,16859,2050,37450,29420,4049,,5332.2,32876,,3702.112,72.4,282.159,29516,36807,,,,9908,,4016,1919.1,528.459,,,,4610,,,,4572.279713,,,464,50262,
1881/12/31,2529,2307,4985,5520,,11973,4324.8,2853,2297.611,369183,185.9,8279.7,45430,1990,,16951,2070,37590,29790,4090,160.402,,33213,201888.1,3661.554,,285.577,29552,37112,,3044,1189.1,10001.9,,4058,1922.9,545.007,,,7140,4651,,,,4568.955317,,,482,51542,2053.1
1882/12/31,2602,2388,5030,5620,,12202,4375,2863,2331.409,370369,,,45720,2010,,17043,2100,37730,30100,4132,,,33394,,3629.535,,289.05,29791,37414,,3073,,,,4107,1919.8,561.804,,,,4691,,,,4575.678711,7000,,502,52821,
1883/12/31,2678,2506,5075,5690,,12435,4430,2874,2365.419,371560,,,46020,2030,,17136,2130,37860,30430,4174,,,33816,,3574.747,,292.581,30005,37766,,3107,,,,4161,1919.3,584.974,,,,4732,,,,4591.338685,,,522,54100,
1884/12/31,2757,2606,5121,5750,,12673,4487,2885,2399.621,372754,,,46400,2050,,17230,2160,38010,30750,4217,,,34162,,3539.882,,296.171,30221,38138,,3144,,,,4207,1929.1,608.401,,,,4773,,,,4623.976383,,,543,55379,
1885/12/31,2839,2695,5166,5820,,12916,4537,2896,2433.995,373952,,,46710,2080,1004.7,17323,2190,38110,31080,4260,,,34790,,3514.267,,299.82,30511,38427,,3170,1272.9,,,4254,1943.9,619.323,,,,4815,,,,4663.569139,,,564,56658,
1886/12/31,2923,2788,5212,5880,,13163,4580,2907,2468.522,375154,,,47130,2100,,17418,2220,38230,31400,4303,201,,35402,,3490.786,,303.529,30776,38622,,3194,,,,4305,1958.3,631.355,,,7960.3,4857,,,,4699.947491,,,587,57938,2527.8
1887/12/31,3011,2881,5257,5940,,13414,4626,2918,2503.181,376359,,,47630,2120,,17513,2260,38200,31740,4347,,,35898,,3455.921,,307.301,30937,38866,,3221,,,,4354,1969.8,645.33,,6985.1,,4899,,,,4726.036702,,,610,59217,
1888/12/31,3108,2982,5303,6000,,13671,4678,2929,2537.954,377569,,,48170,2140,,17600,2300,38290,32080,4392,,,36345,,3416.075,,311.138,31160,39251,,3261,,,,4409,1976.6,649.349,,,,4942,,,,4741.574297,,,635,60496,
1889/12/31,3212,3062,5348,6060,,13932,4729,2940,2572.823,378783,,,48720,2160,,17678,2330,38370,32420,4437,,,36662,,3384.767,69.2,314.897,31325,39688,,3311,,11345.2,,4463,1984.3,658.021,,,,4985,,,,4761.315045,,,660,61775,
1890/12/31,3323,3151,5417.4,6069.3,26971,14199,4779,2951,2607.769,380000,,,49240,2180,,17757,2390,38380,32760,4482,,6012.1,37579,219454,3357.018,70.9,318.717,31611,40077,,3343,,11642.7,684,4515,1996.9,667.477,17202,5772,8256.6,5028,,,,4779.692077,5986,2974,686,63056,3849
1891/12/31,3434,3241,5446,6100,,14506,4833.3,2965,2642.778,381979,209.3,8725.8,49760,2190,,17836,2410,38350,33130,4528,217.936,,37792,,3329.979,,322.595,31792,40380,,3404,1361.9,11885.6,,4563,2012.5,676.051,,,,5068,,182.7,,4793.857766,,,706,64361,2957.8
1892/12/31,3548,3306,5504,6170,,14857,4883,3002,2677.834,383969,,,50270,2210,,17916,2430,38360,33500,4574,,,38288,,3297.249,,326.535,31992,40684,,3470,,12056,,4615,2026,692.426,,,8900.4,5104,,,,4804.80756,,,727,65666,
1893/12/31,3668,3362,5563,6220,,15216,4931,3040,2712.925,385969,,,50760,2230,,17996,2450,38380,33880,4621,,,38263,,3278.037,,330.54,32189,41001,,3524,,12257,,4658,2037.8,714.258,,,,5141,,,,4815.499745,,,748,66970,
1894/12/31,3793,3427,5622,6300,,15583,4979,3077,2748.04,387979,,,51340,2250,,18076,2480,38420,34270,4668,,,38782,,3265.23,,334.7,32417,41350,,3584,,12443,,4718,2056.7,728.121,,,8982.3,5178,,,,4848.604518,,,770,68275,
1895/12/31,3906,3492,5680,6380,27973,15960,5026,3114,2783.171,390000,,,52000,2280,,18157,2510,38400,34660,4716,,,39476,228565,3244.595,73.5,338.923,32608,41775,,3626,,12700.294,821,4776,2083.1,740.699,18436,6428,,5215,,,,4896.167297,6620,3018,792,69580,4279
1896/12/31,4013,3553,5739,6450,,16346,5074,3151,2818.312,391980,221.8,,52750,2310,,18238,2550,38520,35050,4764,245,,39936,,3231.788,,343.302,32770,42196,,3693,,12822,,4836,2111.7,754.016,,,,5252,,,,4940.866549,,,815,70885,
1897/12/31,4152,3618,5798,6540,,16741,5122,3188,2853.462,393970,224,,53570,2340,1204.2,18320,2590,38600,35460,4813,,,40620,,3223.249,,347.747,32955,42643,,3752,1591.2,13014,,4904,2141.7,768.91,,,9402.3,5290,67473,,,4986.04447,,2728.8,839,72129,
1898/12/31,4296,3665,5856,6630,,17145,5175,3226,2888.62,395970,226,,54410,2370,,18402,2620,38800,35860,4862,,,41316,,3214.711,,352.496,33200,43145,,3820,,13209,,4973,2173.8,783.317,,,,5327,,,,5036.204526,,,864,73494,
1899/12/31,4418,3716,5915,6710,,17560,5235,3263,2923.792,397980,228,,55250,2400,,18484,2660,38900,36270,4912,,,42025,,3203.326,,357.32,33369,43626,,3874,,13406,,5040,2204.1,796.359,,,,5366,,,,5080.13074,,,889,74799,
1900/12/31,4542,3765,6003.8,6693.5,29012,17984,5301,3315.4,2958.986,400000,232,,56356.2,2430,1300,18566,2670,38900,36690,4962,,6857.2,42746,235729,3179.846,,362.22,33605,44103,8772,3912,,13607.259,985,5104.1,2218,808.132,19759,7324,25106,5404,,,,5116.884269,7320,2864,915,76094,4755
1901/12/31,4674,3825,6035,6750,23936.2,18392,5371.3,3340,2994.214,402243,237,9436.8,56870,2460,1312,18659,2690,38980,37090,4997,283.975,,43275,237067,3164.192,78.5,367.198,33739,44662,8870,4031,,13755,,5163,2243,830.8,19902,7465,,5447,,228.6,,5155.798026,7413,2903,930,77584,
1902/12/31,4806,3875,6099,6850,29461,18782,5494,3380,3029.494,404498,239,,57770,2490,1324,18788,2700,39050,37460,5032,300,,43810,238645,3155.654,,372.255,34015,45255,8968,4071,,13905,,5233,2266.8,851.072,19898,7609,,5494,,,,5186.976664,7507,2942,945,79163,
1903/12/31,4924,3917,6164,6940,29693,19180,6551,3400,3064.845,406766,243,,58630,2520,1336,18919,2730,39120,37830,5067,305,,44352,240113,3143.557,,377.392,34316,45841,9068,4156,,14056,,5307,2284.1,875.648,19894,7635.426,,5541,,,,5210.009312,7602,2899.6,961,80632,
1904/12/31,5040,3974,6228,7030,29926,19587,5827,3425.4,3100.295,409047,247,,59470,2550,1348,19050,2760,39190,38200,5102,310,,44901,241684,3136.442,,382.612,34555,46378,9169,4233,,14209,,5384,2291.4,900.682,19890,7659,,5589,,,,5241.01375,7699,2925.1,977,82166,5174.8
1905/12/31,5197,4033,6292,7120,30161,20003,6002,3463.6,3135.874,411340,248,,60641.5,2570,1360,19133,2790,39220,38580,5138,315,,45457,243253,3130.038,,387.914,34875,46829,9271,4383,,14363,1183,5460,2303.6,925.605,19886,7699,25078,5637,,,,5277.820502,7797,3040,993,83822,5286
1906/12/31,5407,4091,6357,7200,30398,20427,6097,3520,3171.619,413646,251,,61150,2600,1372,19316,2820,39270,38960,5174,319.8,,45993,244820,3129.327,78.5,393.303,35147,47227,9375,4458,,14519,,5537,2313.5,956.457,19882,7761,,5686,,,,5315.928185,7896,3157,1009,85450,
1907/12/31,5673,4162,6421,7280,30637,20860,6411,3525.3,3207.571,415965,256,,62010,2630,1384,19450,2860,39270,39350,5210,325,,46535,246385,3122.211,,398.779,35446,47691,9479,4467,1832.9,14677,,5616,2324.8,977.215,19878,7844,,5735,,,,5357.34543,7996,3186,1026,87008,5471.5
1908/12/31,5988,4232,6485,7360,30878,21303,6625,3559.3,3243.777,418297,259,,62860,2670,1396,19585,2900,39370,39740,5246,330,,47085,247948,3120.077,,404.344,35742,48260,9584,4520,,14837,,5696,2333.1,1008.373,19874,7964,,5784,,,,5403.594221,8098,3214,1043,88710,
1909/12/31,6288,4324,6550,7420,31121,21754,6800,3690,3280.289,420642,262,,63720,2700,1408,19721,2930,39430,40130,5283,340,,47642,249509,3121.5,,409.998,36055,48869,9691,4585,,14998,,5772,2358,1030.657,19870,8095,,5834,,,,5452.970205,8201,3250,1062,90490,
1910/12/31,6615,4425,6648.3,7423.8,31366,22216,6988,3753.2,3317.166,423000,274,,64926,2740,1421,19858,2960,39540,40530,5320,350,7615.1,48206,250868,3120.077,85.2,415.745,36370,49518,9799,4668,1957,15160.369,1419,5858.2,2377,1050.41,19866,8220,,5884,,303,,5499.373983,8305,3299,1081,92407,5877
1911/12/31,6934,4569,6669,7460,31612,22687,7206.6,3775.6,3354.469,427662,278,,65360,2770,1433,20090.6,3000,39620,40890,5355,456.739,7693.8,48778,251626,3117.231,85.5,427.524,36774,50215,9956,4757,,15083,,5951,2390.4,1075.25,19862,8387,,5935,,312,1610.3,5542.065994,8431,3369,1112,93863,5972.8
1912/12/31,7268,4733,6742,7520,31699,23168,7389,3818.5,3392.269,432375,282,,66150,2800,1445,20231.2,3020,39670,41070,5390,392.1,7793.8,49358,251766,3107.981,85.7,433.559,37059,50941,10115,4784,,15007,,6033,2411.2,1102.471,19935,8576,,5964,,,,5582.955262,8559,3435,1144,95335,6103
1913/12/31,7652,4872,6767,7600,31786,23660,7632,3862.7,3430.64,437140,286,10302.6,66980,2830,1457,20372.7,3050,39770,41300,5425,487,7885.3,49934,252045,3092.327,86.1,439.694,37241,51672,10277,4811,2028,14931,3084,6133,2435.2,1134.506,20008,8785,26710,5972,89902,330,,5621.3612,8689,3502,1177,97225,6214
1914/12/31,7917,4941,6806,7660,31874,24161,7879,3896.6,3469.662,441958,291,,67180,2870,1469,20515.2,3080,33220,41720,5463,501.3,7980.7,50517,252084,3083.789,87.1,445.931,37255,52396,10448,4838,2076,14855,1703,6235,2458.6,1145.838,20081,9016,,5980,,339.4,,5659.057826,8822,3554,1223,99111,6325
1915/12/31,8072,4932,6843,7700,31962,24674,7981,3884,3509.42,446829,295,,67849,2900,1481,20658.7,3100,33380,40050,5502,509.2,7980.4,51108,252222,3043.943,88.1,,37797,53124,10590,4905,2083.2,14780,,6340,2486.3,1152.638,20154,9268,,5988,,349,,5696.149409,8957,3480,1246,100546,6436
1916/12/31,8225,4875,6825,7700,32050,25197,8001,3882.3,3550.005,451753,299,,67580,2940,1493,20803.2,3120,32850,39430,5541,529,7957.3,51705,252360,3040.385,89.1,,38166,53815,10760,4971,,14705,,6433,2509.3,1150.339,20228,9542,,5996,,358.9,,5735.109205,9094,3596,1269,101961,6547
1917/12/31,8374,4935,6785,7670,32138,25732,8060,3883.5,3591.512,456732,303,,67155,2970,1505,20948.7,3120,32500,39010,5580,535.1,7926,52083,252497,3040.385,89.8,,38118,54437,10931,5040,,14630,,6527,2535.1,1147.448,20302,9836,,6005,,369.2,,5779.165983,9232,3647,1292,103268,6658
1918/12/31,8517,5081,6727,7600,32227,26277,8148,3875.8,3634.043,461766,307,,64565,3010,1517,21095.3,3120,32830,38830,5620,561.5,7847.8,52334,252608,3045.366,91.4,417.858,37844,54886,11107,5109,,14556,,6618,2566,1158.149,20376,10151,,6013,,369.8,,5807.344861,9418,3670,1316,103208,6769
1919/12/31,8672,5304,6420,7570,32316,26835,8311,3869.1,3677.702,466855,311,,60324.7,3040,1529,21242.8,3130,31970,40250,5660,580,7909.1,53027,252670,3096.596,91.9,,37195,55253,11285,5179,,14482,,6675,2589.5,1227.181,20450,10324,,6021,,387.3,,5830.419887,9207.4,3715,1341,104514,6727
1920/12/31,8861,5360,6450,7465.8,32405,27404,8556,3880.3,3722.598,472000,307,10058,62126,3080,1541,21303.2,3170,39000,42110,5700,648,7990.2,52327,249699,3103,94.7,,37304,55818,11457,5250,,14409,2044,6754,2616.3,1257.611,20525,10445,26750,6029,,398,,5875.69278,9460,3654.9,1371,106461,6842
1921/12/31,9092,5455,6500,7440,32494,27969,8787.9,3884.1,3768.846,473673,311,,60625.8,3280,1570,21502.8,3210,39240,42810,5837,625.166,8068.3,53112,251441,3096,95,,37491,56490,11686,5304,,14334.78,,6865.3,2653.1,1292.717,20600,10673,27177,6071,,425.9,1056.5,5929.35016,9667,3836,1402,108538,6927.4
1922/12/31,9368,5570,6530,7510,32730,28542,8919,3891.7,3816.561,475352,314,,61185.4,3320,1610,21658.2,3240,39420,43100,5890,638,8136.8,53908,254963,3002,95.2,455.836,37890,57209,11920,5367,,14566,,6978,2682.7,1318.884,20864,10908,27820,6146,87755,436,,5970.894919,9879,3905,1433,110049,7129
1923/12/31,9706,5693,6540,7570,32967,29126,9010,3902,3865.863,477037,317,,61577.3,3360,1646,21763.1,3270,39880,43340,6010,668,8209.2,54717,257637,3014,96.4,,38281,57937,12158,5426,2029,14801,,7081,2707,1343.021,21132,11152,28162.4,6223,,458,,5996.632566,10095,3976,1465,111947,7310
1924/12/31,10054,5811,6560,7650,33206,29723,9143,3917.8,3916.875,478728,321,,61952.4,3390,1685,21966.6,3300,40310,43650,6000,696,8255.6,55538,260339,3005,97.7,,38629,58686,12401,5452,,15040,,7196,2719.2,1370.403,21403,11405,28594.8,6300,,469,,6020.919365,10316,4042,1498,114109,7489
1925/12/31,10398,5939,6580,7760,33447,30332,9294,3936.3,3969.721,480425,325,,63363,3420,1724,22127.7,3330,40610,43800,5957.5,725,8341.6,56371,263071,2985,98.5,,38990,59522,12622,5505,,15282,2454,7308,2738.3,1401.23,21678,11665,25965,6378,,492,,6044.833708,10542,4147,1534,115829,7664
1926/12/31,10692,6056,6600,7840,33689,30953,9451,3959,4024.523,482128,330,,62865.9,3450,1762,22290.2,3360,40870,43970,6041.5,710,8423.8,57216,265831,2971,100.1,,39339,60490,12812,5545,,15528,,7416,2755.3,1429.555,21956,11935,29249,6457,93459,511,,6063.956077,10773,4242,1571,117397,7841
1927/12/31,10965,6182,6620,7900,33933,31587,9637,3987,4081.406,483837,334,10450.6,63252.3,3470,1800,22444.2,3400,40940,44140,6127,725,8484.2,58074,268621,2957,101.8,,39665,61430,13004,5591,,15778,,7522,2770.9,1450.09,22238,12212,29589,6538,,532,,6081.141723,11009,4337,1608,119035,8014
1928/12/31,11282,6302,6640,7970,34179,32234,9835,3990,4140.494,485552,338,,64390,3500,1944,22860,3420,41050,44330,6204.7,753,8555,58946,271442,2944,103.3,,40030,62361,13199,5730,,16032,,7621,2778.9,1466.952,22523,12498,30213,6619,,553,,6096.550387,11250,4438,1646,120509,8190
1929/12/31,11592,6394,6660,8030,34427,32894,10029,4020,4201.905,487273,341,,64740,3520,1891,23100,3450,41230,44430,6286,785,8610.3,59830,274293,2937,108.9,,40342,63244,13397,5669,,16290,,7728,2790.5,1485.564,22812,12792,31080,6701,,575,,6112.630466,11496,4549,1685,121770,8364
1930/12/31,11896,6463,6680,8092,34677,33568,10208,4066.4,4265.756,489000,345,10674.4,65300,3540,1944,23330,3480,41610,44630,6387.1,821,8688.3,60727,277175,2927,110,,40595,64203,13563,5707,,16552.772,2945,7825,2799.7,1506.809,23105,13094,31470,6784,,596,,6131.125533,11838,4592.5,1713,123188,8541
1931/12/31,12016,6526,6700,8130,34928,34256,10376.8,4080,4332.156,492640,349,,65420,3570,1995,23570,3500,41860,44830,6462.8,849.751,8742.9,61638,279115,2933,111,588.805,40987,65205,13794,5748,,16840,,7935.6,2815.2,1522.762,23402,13405,32107,6869,,563,1144.3,6152.310164,12188,4804,1741,124149,8718
1932/12/31,12402,6577,6720,8190,35575,34957,10510,4100,4401.207,496307,352,,65720,3600,2050,23780,3530,41860,45080,6543.6,901,8783.9,62563,284102,2949,112,611.936,41277,66189,14028,5788,,17132,,8062,2832.6,1534.735,23840,13724,32380,6954,,580,,6176.389226,12548,4930,1770,124949,8898
1933/12/31,12623,6630,6750,8230,36234,35673,10633,4120,4473.001,500000,356,,66031.6,3630,2095,24120,3550,41890,45260,6624.5,923,8840.5,63501,287902,2962,113,649.925,41585,67182,14266,5825,,17429,,8183,2850.5,1547.124,24286,14051,32810,7040,,515,,6200.955938,12919,5061,1799,125690,9074
1934/12/31,12834,6677,6760,8260,36905,36404,10741,4140,4547.615,502639,360,,66410,3670,2140,24350,3580,41950,45400,6726.9,944,8898.4,64484,291753,2971,114.7,689.309,41921,68090,14508,5875,,17731,,8290,2866.2,1558.373,24740,14387,33200,7127,,525,,6222.318693,13301,5195,1829,126485,9254
1935/12/31,13044,6726,6760,8290,37589,37150,10845,4150,4625.112,505292,363,,66870,3690,2196,24570,3590,41940,45590,6837,966,8943.5,65420,295666,2971,116.9,744.301,42265,69238,14738,5897,,18038,3534,8392,2882.2,1569.689,25203,14731,33600,7216,,572,,6241.791926,13694,5316,1859,127362,9435
1936/12/31,13620,6778,6760,8320,38285,37911,10950,4170,4705.534,507959,367,,67350,3720,2249,24810,3630,41910,45810,6936.2,988,8991.2,66402,299614,2967,117.7,775.728,42592,70171,14915,5943,,18350,,8475,2896.2,1584.617,25675,15084,34000,7305,,603,,6258.69164,14099,5452,1889,128181,9587.9
1937/12/31,13490,6836,6750,8350,38994,38687,11045,4180,4788.901,510640,371,,67830,3750,2298,25050,3660,41930,46010,7028.5,1282,9038.2,67398,303626,2948,118.9,797.281,42908,71278,15094,5989,,18668,,8557,2910.8,1601.758,26155,15445,34221,7396,,651,,6275.798665,14464.5,5609,1921,128961,9802
1938/12/31,13725,6899,6750,8370,39716,39480,11152,4183.2,4875.203,513336,376,,68072,3780,2355,25280,3690,41960,46200,7121.8,1479,9082.4,68409,307694,2937,121.5,816.723,43228,71879,15275,6045,2575.4,18991,,8640,2926.7,1618.313,26644,15814,34786,7488,,710,,6297.455101,14755,5747,1952,129969,9986
1939/12/31,13948,6968,6650,8390,40452,40289,11267,4210,4964.398,516046,393,,69622.5,3800,2412,25520,3700,40000,46470,7221.9,1750,9129,69435,311820,2934,121.3,860.556,43610,72364,15458,6095,3037.1,19320,,8729,2944.9,1641.639,27143,16152,34775.7,7581,108377,728,,6325.739401,15023,5896,1944,131028,10170
1940/12/31,14169,7039,6700,8300,41201,41114,11381,4230,5056.404,518770,401,,,3830,2466,25760,3700,39000,46920,7344.9,1786,9302.9,70476,316004,2958,123,889.866,44119,72967,15627,6134,2885.1,19653.552,4242,8834,2963.9,1633.645,27651,16459,24880,7675,110098,751,,6356.349649,15296,5872.1,1965,132122,10353
1941/12/31,14401,7110,6740,8294.7,41966,42069,11506.7,4265.7,5151.095,521508,409,,71916.7,3860,2521,25970,3710,37800,46910,7400,1639.337,9356.6,71534,318826,2993,124,915.868,44562,74005,15552,6169,2925,20332,,8923,2982.2,1631.276,28169,16774,,7757,,769,,6388.928975,15621,6249,1987,132402,10536
1942/12/31,14631,7181,6780,8250,,43069,11654,4290,5248.293,524261,412,,,3900,2575,26190,3730,37700,47070,7300,,9407,,324180,2963,125,940.12,44885,75029,15934,6191,,20866,,9008,2998.2,1636.403,,17039,,7826,,,,6432.285005,15915,6428,2010,134860,10716
1943/12/31,14877,7235,6810,8240,,44093,11795,4320,5347.758,527028,416,,,3950,2641,26390,3750,37080,47450,7300,,9453.1,,328255,2946,126,971.687,45119,76005,16092,6271,,21418,,9076,3019.5,1642.041,,17419,,7896,,,,6490.433062,16216,6586,2032,136739,10899
1944/12/31,15130,7310,6830,8290,,45141,11946,4360,5449.185,529810,425,,,4000,2712,26600,3780,36500,47660,7300,,9440,,332332,2944,128,1005.926,45235,77178,16670,6442,,21988,,9129,3045.3,1676.293,,17757,,7967,,,,6559.981682,16523,6520,2055,138397,11081
1945/12/31,15390,7392,6800,8340,40286,46215,12072,4410,5552.19,532607,435,,,4040,2781,26800,3820,38000,47830,7300,600,9500,74293,336562,2952,130,1043.684,45344,76224,18020,6650,,22576,5091,9220,3075.1,1728.441,36867,18090,24852,8038,,935,,6635.43854,16862,6533,2081,139928,11265
1946/12/31,15654,7465,7000,8370,,47313,12292,4470,5656.303,535418,447,,64247,4100,2853,27020,3900,40320,47870,7400,1550,9020,,340796,2957,132,1084.877,45540,77199,19369,6854,,23183,,9304.3,3107.3,1784.334,,18434,23770,8110,,,,6718.566514,17153,6546,2107,141389,11415.9
1947/12/31,15929,7579,6970,8450,,48438,12551,4520,5760.959,538244,457,8762.3,65884,4150,2953,27552.5,3860,40740,48170,7500,1750,9165,,345085,2974,134,,45910,78119,19886,7037,,23811,,9542.7,3146.5,1823.074,,18762,23700,8183,,938,,6802.752671,17443,6542,2134,144126,11690
1948/12/31,16270,7709,6950,8560,41539,49590,13167,4608,5865.486,541085,477,,67365,4190,3043,27593,3910,41210,48650,7749,1800,9158,73700,349430,2985,137,,46210,80155,20027,7244,,24461,5799,9715.9,3183.5,1861.923,35911,19144,23980,8256,,961,,6883.342374,18508,6853,2160,146631,11957
1949/12/31,16700,7908,6940,8610,42327,50769,13475,4639,5969.096,541670,485,,68080,4230,3135,27811,3960,41600,48940,7856,1857,9249,74118,353832,2981,140,,46552,81971,20208,7455,,25132,5918,9884.4,3218.5,1892.042,36767,19674,24410,8329,,979,,6955.466985,19063,7708,2188,149188,12212
1950/12/31,17150.335,8177.344,6936.445,8628.489,37894.68,53974.726,13736.997,4668.088,6142.899,544112.923,494.014,8902.619,69786.246,4268.27,3470.162,28069.737,4008.299,41879.607,50616.012,7566.002,1973.998,9337.723,69543.319,376325.205,2913.093,142.656,1257.971,46598.602,82199.47,19211.386,8075.81,2567.402,28012.558,6109.907,10027.047,3265.278,1927.629,37542.38,18580.487,24824.013,8416.969,102798.657,1022.098,1473.094,7013.949812,20710.356,8056,2238.506,157813.04,13683.162
1951/12/31,17507.132,8417.64,6930.348,8673.691,38706.927,55605.541,14099.994,4726.283,6278.346,558820.362,500.378,9005.036,70111.671,4308.324,3561.154,28237.323,4049.689,42071.027,50620.538,7635.277,2036.15,9478.11,70869.608,382231.042,2921.278,144.928,1354.097,47014.137,83794.452,19304.737,8201.505,2569.877,28836.111,6261.916,10148.714,3300.422,1970.522,37976.075,19246.611,25264.029,8431.207,104306.354,1067.964,1481.637,7070.227238,21263.203,8471,2261.342,159880.756,13993.888
1952/12/31,17866.097,8627.052,6929.289,8721.192,39493.326,57304.772,14481.497,4788.958,6417.543,570764.965,506.627,9106.227,70421.462,4345.218,3655.012,28430.442,4095.13,42365.756,50683.596,7706.022,2133.603,9595.219,72309.902,388515.758,2924.222,147.681,1451.493,47398.599,85174.909,19566.86,8338.783,2578.522,29711.632,6433.161,10275.701,3333.895,2024.556,38485.341,19945.659,25738.253,8473.628,105969.442,1120.277,1491.673,7124.625803,21837.991,8730,2286.264,162280.405,14322.409
1953/12/31,18224.15,8821.938,6932.427,8770.196,40302.266,59053.267,14882.05,4851.987,6561.033,580886.559,513.435,9200.24,70720.721,4379.141,3752.131,28641.79,4142.353,42724.452,50792.671,7779.457,2249.334,9691.114,73866.52,395137.696,2921.36,150.779,1546.239,47748.689,86378.004,19979.069,8489.249,2591.999,30634.216,6618.274,10407.107,3366.281,2074.781,39065.871,20670.541,26236.679,8532.193,107729.541,1178.074,1502.837,7171.430676,22436.536,9041,2313.208,164941.716,14665.139
1954/12/31,18579.041,9014.508,6939.23,8820.161,41170.306,60838.782,15300.472,4912.885,6709.188,589955.812,521.187,9283.156,71015.688,4410.435,3852.857,28866.15,4189.559,43118.11,50938.227,7856.029,2370.828,9768.149,75539.738,402065.915,2912.747,154.11,1635.786,48064.766,87438.747,20520.601,8653.784,2609.264,31599.804,6813.378,10542.244,3398.028,2118.434,39714.074,21416.099,26750.026,8597.225,109537.868,1240.283,1514.789,7213.458924,23060.429,9350,2342.044,167800.046,15019.626
1955/12/31,18929.35,9212.824,6949.482,8870.792,42122.171,62655.984,15733.858,4970.81,6862.211,598574.241,529.971,9353.086,71313.74,4439.594,3957.482,29100.396,4235.423,43528.065,51113.711,7935.409,2490.069,9828.971,77327.799,409280.196,2899.055,157.584,1718.955,48350.847,88389.994,21168.611,8832.541,2629.571,32605.178,7016.097,10680.632,3429.431,2164.734,40427.072,22179.103,27269.745,8661.418,111355.224,1305.731,1527.205,7262.335082,23711.041,9691,2372.567,170796.378,15384.557
1956/12/31,19274.526,9420.602,6963.298,8922.069,43170.261,64506.874,16177.451,5026.664,7020.125,607167.524,539.566,9410.282,71623.569,4467.279,4066.24,29343.602,4279.108,43946.534,51315.724,8016.443,2603.777,9876.547,79226.787,416771.502,2881.612,161.136,1796.009,48614.865,89262.489,21897.911,9024.911,2652.489,33647.986,7225.624,10822.018,3460.64,2209.132,41202.729,22958.357,27787.997,8719.914,113152.347,1373.121,1539.786,7314.510671,24389.52,10003,2404.5,173877.321,15759.812
1957/12/31,19614.848,9637.408,6981.105,8974.221,44315.145,66400.362,16624.767,5082.993,7182.786,615992.182,549.459,9457.027,71955.005,4494.306,4179.314,29596.934,4320.25,44376.073,51543.847,8097.202,2713.176,9914.136,81230.749,424541.513,2862.366,164.721,1868.581,48868.412,90084.818,22681.233,9229.56,2677.885,34726.719,7442.649,10966.358,3491.657,2262.814,42039.623,23754.592,28297.669,8770.221,114909.562,1441.052,1552.255,7363.759205,25096.792,10303,2437.498,176995.108,16146.41
1958/12/31,19951.326,9859.257,7003.575,9027.679,45547.037,68351.012,17067.983,5143.672,7349.892,625155.626,558.895,9497.307,72318.498,4521.598,4296.835,29863.304,4358.901,44827.95,51800.117,8175.14,2823.302,9945.194,83332.054,432601.236,2843.755,168.318,1939.449,49125.959,90883.29,23490.027,9444.541,2705.875,35840.645,7669.106,11113.776,3522.361,2315.9,42936.961,24570.174,28792.427,8811.959,116615.781,1508.061,1564.356,7409.114551,25833.554,10649,2471.152,180107.612,16546.324
1959/12/31,20285.53,10079.604,7031.513,9082.991,46848.27,70376.952,17498.573,5213.397,7521.016,634649.557,566.977,9536.268,72724.26,4550.129,4418.892,30146.802,4395.427,45319.442,52088.147,8247.359,2941.857,9973.216,85521.981,440968.677,2828.515,171.919,2012.158,49403.558,91681.713,24295.786,9667.485,2736.748,36989.692,7907.762,11264.501,3552.545,2359.746,43894.437,25408.605,29266.789,8846.425,118266.807,1572.694,1575.871,7446.230555,26600.277,11031,2505.016,183178.348,16962.183
1960/12/31,20619.075,10292.328,7065.525,9140.563,48200.702,72493.585,17909.232,5296.12,7695.692,644450.173,572.929,9578.587,73179.665,4580.708,4545.548,30450.994,4430.228,45865.699,52410.496,8311.386,3075.752,10001.27,87792.512,449661.874,2819.059,175.52,2089.891,49714.962,92500.754,25074.028,9896.172,2770.737,38174.114,8160.975,11418.652,3582.016,2403.567,44911.81,26273.023,29716.363,8875.311,119860.289,1633.718,1586.632,7480.374361,27397.178,11392,2538.651,186176.524,17396.367
1961/12/31,20953.079,10494.911,7105.654,9200.393,49593.61,74706.888,18295.922,5393.411,7873.504,654625.069,576.395,9626.727,73686.49,4613.769,4676.858,30777.097,4463.432,46471.083,52765.864,8366.02,3227.426,10031.496,90138.235,458691.457,2816.832,179.106,2174.271,50067.464,93357.259,25808.542,10129.134,2807.763,39394.125,8429.369,11576.024,3610.71,2463.241,45988.447,27164.618,30138.099,8899.331,121390.327,1690.353,1596.554,7519.96523,28224.208,11149,2571.691,189077.076,17850.045
1962/12/31,21287.682,10691.22,7151.077,9261.828,51030.604,77007.549,18659.663,5503,8054.166,665426.76,577.691,9679.416,74238.494,4649.179,4812.892,31122.39,4494.623,47121.575,53146.634,8412.059,3391.625,10064.667,92558.006,468054.145,2821.742,182.64,2264.304,50458.277,94263.646,26495.107,10366.19,2847.221,40649.59,8710.678,11735.896,3638.791,2520.67,47122.931,28081.234,30530.513,8917.02,122842.753,1742.472,1605.645,7561.562701,29081.037,11512,2603.887,191860.71,18322.335
1963/12/31,21621.845,10892.7,7199.962,9323.467,52532.595,79368.453,19007.305,5618.16,8237.555,677332.765,577.912,9730.996,74820.389,4686.155,4953.735,31479.529,4522.727,47781.535,53537.821,8452.617,3554.025,10099.999,95055.669,477729.958,2831.911,186.056,2355.929,50872.976,95227.653,27143.075,10608.672,2887.887,41939.88,8999.247,11896.942,3666.69,2574.588,48312.888,29016.77,30893.775,8924.221,124193.114,1790.682,1614.022,7604.292172,29967.043,11884,2635.128,194513.911,18809.939
1964/12/31,21953.926,11114.995,7249.855,9383.443,54129.39,81751.802,19349.346,5729.465,8423.614,690932.043,578.629,9773.266,75410.766,4723.496,5099.47,31838.485,4546.343,48402.9,53920.055,8492.232,3695.136,10135.688,97638.027,487690.114,2844.373,189.276,2443.297,51289.904,96253.064,27770.874,10858.78,2928.182,43264.267,9287.442,12057.475,3694.987,2627.488,49555.472,29962.877,31229.448,8915.539,125412.397,1836.087,1621.883,7661.278736,30881.332,12257,2665.387,197028.908,19308.166
1965/12/31,22283.389,11368.011,7298.794,9440.279,55835.02,84130.061,19693.538,5829.958,8612.074,706590.947,580.971,9800.931,75990.737,4760.262,5250.12,32192.223,4564.69,48952.283,54278.349,8534.252,3801.814,10170.472,100308.896,497920.27,2857.104,192.251,2522.53,51693.136,97341.852,28392.722,11117.685,2966.947,44623.041,9569.784,12216.122,3724.065,2663.843,50848.775,30913.931,31539.695,8888.635,126483.874,1879.571,1629.434,7733.756408,31822.798,12628,2694.535,199403.532,19813.947
1966/12/31,22608.747,11657.281,7345.865,9493.656,57675.529,86494.987,20041.006,5916.911,8802.926,724490.033,585.311,9811.54,76558.016,4796.157,5405.692,32536.637,4577.033,49411.342,54606.608,8580.6,3868.497,10204.575,103067.352,508402.908,2869.311,194.935,2591.594,52076.758,98494.63,29006.181,11385.943,3003.571,46010.959,9844.116,12372.136,3754.01,2712.25,52194.629,31867.565,31824.145,8839.831,127396.324,1921.099,1636.66,7807.717242,32789.097,12993,2722.874,201629.471,20325.23
1967/12/31,22932.201,11975.795,7390.853,9543.533,59625.294,88853.679,20389.445,5991.681,8995.41,744365.635,591.304,9808.728,77106.876,4831.242,5566.057,32873.962,4584.264,49791.771,54904.68,8630.672,3901.653,10238.93,105907.403,519162.069,2882.095,197.356,2652.697,52444.751,99711.082,29606.633,11661.66,3038.216,47429.553,10111.92,12525.253,3784.579,2747.093,53594.445,32826.602,32085.011,8774.391,128165.823,1960.547,1643.697,7867.891779,33778.5,13297,2750.093,203713.082,20843.785
1968/12/31,23261.273,12305.53,7433.328,9589.107,61585.52,91213.009,20739.031,6056.358,9187.592,765570.668,598.491,9800.665,77611,4865.343,5730.908,33211.168,4589.226,50126.895,55171.084,8682.351,3915.095,10273.73,108821.565,530274.729,2897.541,199.634,2711.303,52802.703,100988.866,30204.127,11940.634,3071.465,48893.607,10375.877,12675.176,3815.399,2776.266,55045.897,33797.041,32330.582,8709.805,128837.792,1998.637,1651.094,7911.960181,34790.945,13650,2774.771,205687.611,21374.931
1969/12/31,23605.992,12621.24,7473.058,9629.528,63422.57,93585.746,21089.228,6114.719,9377.005,787191.243,606.117,9798.793,78038.271,4898.35,5899.842,33558.627,4595.807,50466.183,55406.435,8732.308,3928.928,10309.211,111800.09,541844.848,2918.626,201.941,2775.162,53160.056,102323.674,30811.523,12217.248,3104.292,50423.127,10640.347,12821.786,3845.932,2808.59,56545.924,34787.588,32571.673,8669.641,129475.269,2036.27,1659.553,7967.64772,35826.803,14335,2795.044,207599.308,21926.165
1970/12/31,23973.062,12904.76,7509.746,9664.32,65048.701,95982.453,21439.2,6169.357,9561.868,808510.713,613.619,9811.291,78366.605,4930.118,6072.52,33923.24,4606.74,50843.83,55611.401,8778.676,3958.197,10345.553,114834.781,553943.226,2947.339,204.392,2849.623,53522.67,103707.537,31437.141,12487.493,3137.373,52029.859,10908.634,12964.88,3875.719,2857.86,58094.239,35804.731,32816.751,8670.352,130126.383,2074.071,1669.583,8042.657449,36884.914,14676,2809.799,209485.807,22502.502
1971/12/31,24366.442,13150.591,7543.451,9692.9,66417.45,98402.2,21790.338,6221.634,9741.579,829367.784,620.86,9840.28,78584.779,4960.476,6248.831,34305.591,4623.389,51273.975,55785.325,8819.206,4005.761,10381.705,117921.994,566605.402,2984.044,207.05,2936.668,53891.946,105142.875,32087.884,12749.209,3170.887,53719.547,11182.078,13104.216,3904.75,2899.067,59690.467,36851.055,33068.997,8717.871,130808.492,2112.873,1681.426,8098.179224,37964.925,14995,2818.269,211357.912,23106.806
1972/12/31,24782.95,13364.238,7573.66,9715.673,67578.486,100844.391,22141.998,6270.112,9916.558,849787.991,628,9882.993,78700.104,4989.146,6428.707,34701.025,4644.847,51741.044,55927.492,8856.097,4068.406,10417.419,121059.511,579800.632,3027.538,209.868,3033.919,54262.086,106616.535,32759.447,13003.394,3204.466,55480.125,11460.08,13239.283,3932.945,2960.996,61341.255,37925.4,33328.713,8806.016,131517.584,2152.603,1694.979,8122.143999,39061.999,15289,2821.437,213219.515,23736.489
1973/12/31,25213.388,13552.19,7598.925,9734.412,68658.472,103320.787,22488.744,6311.468,10087.377,869474.823,635.109,9936.604,78732.884,5015.766,6611.916,35104.633,4668.813,52214.014,56039.166,8897.126,4147.596,10454.502,124242.299,593451.889,3076.273,212.731,3137.029,54623.207,108085.729,33435.268,13253.063,3237.597,57283.361,11741.849,13369.326,3959.705,3026.93,63062.204,39026.082,33597.81,8923.928,132254.362,2191.924,1709.974,8136.774904,40164.969,15565,2822.084,215092.9,24384.538
1974/12/31,25644.505,13725.4,7617.432,9751.592,69837.96,105846.274,22823.272,6341.051,10255.074,888132.761,642.335,9996.356,78713.928,5039.92,6798.205,35509.391,4691.818,52647.616,56122.405,8952.862,4243.512,10495.442,127465.232,607446.519,3128,215.465,3239.561,54961.926,109495.053,34091.816,13502.87,3269.546,59090.495,12025.93,13493.46,3984.291,3094.7,64873.705,40149.959,33877.397,9054.924,133012.558,2228.896,1725.967,8160.543556,41259.539,15815,2824.069,217001.865,25040.94
1975/12/31,26066.975,13892.674,7628.138,9769.006,71247.153,108431.284,23140.609,6356.178,10420.59,905580.445,649.755,10058.165,78667.327,5061.289,6987.393,35909.042,4711.459,53010.727,56179.925,9030.08,4355.301,10541.344,130724.118,621703.641,3180.805,217.958,3336.76,55268.549,110804.519,34713.078,13755.99,3299.819,60872.399,12311.782,13611.064,4006.221,3148.4,66791.496,41295.129,34168.112,9185.876,133788.113,2262.393,1742.626,8192.551118,42334.954,16150,2830.172,218963.561,25698.856
1976/12/31,26477.153,14054.956,7630.536,9787.576,72930.206,111076.063,23439.94,6355.245,10584.237,921688.199,657.526,10122.45,78604.473,5079.962,7179.399,36302.392,4726.803,53293.03,56212.943,9132.531,4485.813,10593.989,134010.695,636182.81,3234.153,220.162,3427.662,55539.118,111992.858,35290.737,14013.61,3328.245,62620.087,12599.655,13722.272,4025.297,3163.4,68818.471,42461.189,34468.877,9314.301,134583.945,2291.621,1759.725,8222.298804,43386.846,16508,2841.436,220993.166,26354.14
1977/12/31,26878.567,14211.657,7625.724,9806.885,74848.466,113776.467,23723.801,6341.216,10746.328,936554.514,665.528,10188.839,78524.727,5095.956,7374.235,36687.352,4738.949,53509.578,56224.944,9255.749,4633.329,10650.975,137322.122,650907.559,3287.62,222.142,3513.516,55775.934,113067.848,35832.213,14274.023,3355.098,64337.694,12891.715,13827.329,4041.789,3166.4,70953.777,43650.333,34779.313,9441.167,135406.786,2317.796,1777.316,8251.633001,44416.007,16813,2857.107,223090.871,27009.755
1978/12/31,27277.742,14368.543,7616.309,9825.779,76948.378,116532.153,23994.948,6321.583,10907.901,950537.317,673.252,10251.436,78426.715,5108.836,7571.953,37055.64,4749.94,53685.486,56223.974,9388.188,4786.58,10704.187,140665.859,665936.435,3339.499,224.019,3594.47,55983.298,114054.587,36356.187,14534.087,3380.879,66025.613,13191.699,13925.97,4056.28,3165.2,73204.087,44866.279,35100.942,9560.753,136259.517,2344.224,1795.649,8275.771968,45423.442,17136,2875.97,225239.456,27674.446
1979/12/31,27684.53,14532.401,7605.888,9842.453,79141.947,119341.444,24257.594,6306.578,11070.198,964155.176,680.013,10302.778,78305.017,5118.065,7772.652,37397.232,4762.758,53857.61,56220.089,9513.594,4930.298,10742.694,144053.516,681358.553,3387.822,225.972,3671.264,56168.376,114993.274,36889.651,14789.3,3406.311,67688.533,13504.433,14017.909,4069.626,3163.9,75575.981,46113.992,35435.627,9667.021,137144.808,2375.417,1815.101,8293.718301,46412.31,17479,2896.021,227411.604,28360.82
1980/12/31,28105.889,14708.323,7597.269,9855.747,81364.176,122199.721,24515.788,6303.608,11234.34,977837.433,685.406,10337.827,78159.527,5123.435,7976.449,37704.867,4779.454,54053.224,56221.513,9620.274,5053.684,10759.022,147490.366,697229.745,3431.078,228.127,3744.667,56336.446,115912.104,37451.085,15036.562,3431.933,69330.974,13833.739,14103.279,4082.525,3176.4,78071.984,47396.966,35782.855,9755.635,138063.062,2414.524,1835.839,8310.470149,47385.325,17805,2915.775,229588.208,29077.143
1981/12/31,28543.366,14898.019,7591.618,9865.512,83599.582,125107.382,24768.525,6315.799,11400.489,991553.829,689.173,10353.75,77990.369,5124.807,8183.194,37976.189,4800.899,54279.038,56231.02,9704.947,5152.057,10750.27,150978.841,713561.406,3468.884,230.525,3815.27,56489.623,116821.569,38046.253,15274.137,3457.365,70950.741,14180.093,14181.967,4095.177,3194.5,80691.701,48715.592,36145.211,9824.239,139006.739,2463.245,1857.854,8320.48461,48336.894,18136,2935.036,231765.783,29828.874
1982/12/31,28993.989,15101.227,7588.957,9872.709,85868.228,128054.757,25017.501,6341.369,11569.135,1005328.574,691.711,10352.607,77812.348,5122.81,8392.935,38212.556,4826.135,54528.408,56250.124,9771.25,5228.813,10719.749,154506.266,730303.461,3501.213,233.121,3883.547,56626.403,117708.919,38665.964,15503.32,3482.39,72547.995,14543.585,14255.051,4107.655,3226.8,83427.522,50068.493,36517.072,9873.144,139969.243,2520.494,1880.699,8325.258203,49265.597,18458,2954.281,233953.874,30611.206
1983/12/31,29454.739,15318.254,7589.573,9878.636,88181.211,131014.337,25272.656,6376.791,11742.057,1019698.475,694.074,10340.397,77657.451,5118.966,8606.214,38415.495,4853.196,54799.049,56283.959,9822.999,5291.21,10673.963,158044.343,747374.856,3527.472,235.86,3950.241,56744.4,118552.097,39295.418,15727.67,3507.839,74133.377,14926.976,14325.363,4120.386,3264.8,86264.621,51455.037,36879.742,9904.444,140951.4,2583.241,1903.548,8329.028357,50183.106,18733,2973.461,236161.961,31409.913
1984/12/31,29920.907,15548.591,7593.397,9885.088,90559.54,133950.551,25546.736,6416.275,11921.407,1035328.572,697.717,10325.923,77566.776,5115.308,8823.746,38588.238,4879.222,55084.677,56337.848,9866.725,5350.467,10622.559,161555.584,764664.278,3547.157,238.647,4016.229,56839.859,119318.921,39912.9,15952.35,3534.804,75721.21,15333.369,14396.606,4133.833,3293,89183.159,52873.979,37208.529,9921.895,141955.2,2646.981,1925.315,8336.594824,51105.438,19013,2992.648,238404.223,32204.952
1985/12/31,30388.781,15791.043,7600.514,9893.499,93015.182,136836.428,25848.173,6455.68,12108.576,1052622.41,703.693,10315.676,77570.009,5113.408,9045.977,38734.33,4902.219,55379.923,56415.196,9907.831,5414.79,10572.975,165012.195,782085.127,3560.225,241.411,4082.781,56910.888,119988.663,40501.917,16180.776,3563.741,77322.643,15764.34,14471.591,4148.355,3303.1,92165.065,54323.651,37486.105,9929.014,142975.753,2708.634,1945.136,8350.376395,52041.468,19258,3011.907,240691.557,32983.013
1986/12/31,30857.242,16047.026,7610.435,9903.895,95550.798,139664.639,26181.342,6493.442,12304.203,1071834.975,712.34,10311.35,77671.877,5113.767,9272.905,38854.36,4921.293,55686.61,56519.444,9945.576,5486.965,10526.561,168402.027,799607.235,3566.327,244.145,4148.764,56956.635,120551.455,41059.473,16413.729,3595.362,78939.441,16221.767,14551.065,4164.166,3313.5,95207.133,55803.915,37703.942,9925.41,144016.095,2766.755,1962.89,8369.818839,53002.775,19455,3031.032,243032.017,33733.547
1987/12/31,31326.473,16314.778,7623.7,9916.261,98149.262,142437.479,26541.981,6531.16,12507.488,1092646.739,723.38,10311.293,77864.381,5116.351,9504.132,38950.965,4937.259,56005.443,56649.375,9979.755,5564.596,10482.364,171728.916,817232.241,3566.416,246.867,4215.756,56980.621,121021.83,41588.374,16648.992,3628.532,80571.067,16703.5,14634.787,4181.326,3342.1,98301.647,57312.794,37867.481,9912.208,145056.221,2822.828,1978.541,8397.783212,53979.503,19673,3049.962,245425.409,34463.077
1988/12/31,31795.515,16585.905,7642.479,9931.873,100779.551,145150.468,26919.036,6571.461,12716.508,1114162.025,736.477,10314.591,78146.938,5121.511,9739.179,39032.625,4951.886,56328.053,56797.704,10017.036,5644.652,10442.721,175000.919,834944.397,3563.438,249.563,4290.86,56990.645,121432.942,42085.05,16883.25,3659.613,82223.153,17202.032,14723.266,4199.817,3345.2,101420.791,58844.392,37990.683,9896.416,146040.116,2880.188,1991.454,8436.455756,54933.561,19904,3069.094,247865.202,35195.598
1989/12/31,32263.559,16849.253,7669.601,9952.253,103400.571,147801.816,27296.517,6618.268,12928.491,1135128.009,751.047,10319.255,78514.79,5129.472,9977.38,39110.106,4967.776,56643.349,56953.861,10065.859,5722.161,10409.854,178233.231,852736.16,3561.331,252.219,4383.341,56997.093,121831.143,42546.704,17111.785,3683.711,83901.643,17707.064,14816.751,4219.532,3369.8,104530.689,60391.168,38094.812,9886.997,146895.053,2943.633,2000.91,8492.893647,55812.794,20107,3088.985,250340.795,35965.131
1990/12/31,32729.74,17096.869,7706.571,9978.241,105983.136,150393.143,27662.44,6673.92,13141.202,1154605.773,766.611,10323.701,78958.237,5140.332,10218.085,39192.055,4986.705,56943.299,57110.117,10131.737,5794.034,10385.061,181436.821,870601.776,3563.106,254.83,4499.161,57007.577,122249.285,42972.254,17330.817,3697.393,85609.404,18211.097,14915.139,4240.375,3410.4,107607.639,61947.34,38195.258,9890.319,147568.552,3016.4,2006.52,8558.773935,56582.824,20353,3109.987,252847.81,36793.49
1991/12/31,33193.92,17325.818,7755.143,10011.217,108509.679,152916.852,28014.102,6739.995,13354.054,1172327.831,783.138,10328.44,79483.739,5154.309,10460.988,39287.043,5009.381,57226.524,57264.6,10217.782,5857.335,10370.223,184614.74,888513.869,3570.14,257.387,4641.6,57029.614,122702.527,43358.716,17540.762,3699.352,87347.208,18709.835,15019.184,4262.367,3450,110634.399,63509.94,38297.549,9909.574,148040.354,3100.091,2007.918,8617.332998,57225.972,20557,3132.048,255367.16,37692.367
1992/12/31,33655.149,17538.387,7813.393,10050.405,110987.459,155379.009,28353.843,6814.186,13566.942,1188450.231,800.66,10333.93,80075.94,5171.304,10705.67,39397.403,5034.898,57495.252,57419.469,10321.044,5914.576,10364.661,187762.097,906461.358,3582.342,259.895,4806.983,57062.76,123180.357,43708.17,17741.793,3690.788,89110.043,19204.7,15128.288,4285.504,3486.2,113616.165,65078.901,38396.826,9943.197,148322.473,3193.042,2005.535,8668.032921,57761.574,20752,3154.853,257908.206,38646.788
1993/12/31,34110.912,17738.428,7874.675,10091.889,113442.354,157812.22,28680.921,6890.3,13778.676,1202982.955,818.814,10338.381,80675.999,5190.631,10951.2,39518.427,5061.465,57749.881,57575.969,10433.351,5974.379,10363.797,190873.248,924475.633,3599.451,262.383,4985.652,57097.411,123658.854,44031.222,17929.772,3673.906,90887.097,19700.762,15239.262,4309.606,3525.9,116579.605,66654.954,38485.892,9986.828,148435.811,3291.28,2000.783,8718.520581,58237.672,20995,3178.156,260527.42,39619.539
1994/12/31,34558.114,17932.214,7929.911,10130.251,115913.71,160260.508,28995.822,6959.86,13987.999,1216067.023,837.166,10339.439,81206.786,5211.321,11196.476,39641.74,5086.499,57991.973,57736.667,10542.97,6048.585,10361.134,193939.912,942604.211,3620.616,264.893,5163.901,57119.163,124101.546,44342.53,18099.591,3652.12,92663.664,20205.992,15347.792,4334.434,3578.7,119564.925,68240.134,38553.355,10033.6,148416.292,3389.119,1995.615,8780.672687,58722.767,21178,3201.604,263301.323,40558.495
1995/12/31,34994.818,18124.77,7972.833,10161.914,118427.768,162755.054,29299.478,7017.042,14193.986,1227841.281,855.389,10335.556,81612.9,5232.582,11440.576,39764.267,5108.176,58224.051,57903.79,10641.169,6144.498,10351.994,196957.845,960874.982,3645.333,267.454,5331.622,57120.136,124483.305,44652.994,18248.435,3628.079,94426.946,20725.374,15450.803,4359.788,3645.1,122599.749,69835.713,38591.86,10078.431,148293.265,3482.635,1991.487,8826.932186,59266.089,21357,3224.807,266275.528,41426.81
1996/12/31,35419.683,18318.34,8000.453,10185.077,120987.124,165303.155,29590.952,7059.633,14396.02,1238234.851,873.246,10326.682,81870.772,5254.383,11683.48,39878.881,5126.021,58443.318,58079.322,10725.634,6267.295,10334.876,199926.615,979290.432,3673.553,270.089,5486.219,57091.906,124794.817,44967.346,18373.53,3602.164,96181.71,21260.881,15546.647,4385.951,3717.4,125697.651,71437.381,38599.825,10119.985,148078.355,3570.08,1989.042,8840.996807,59878.955,21525,3248.039,269483.224,42210.216
1997/12/31,35833.965,18512.971,8015.256,10201.758,123574.107,167893.835,29871.092,7090.176,14594.07,1247259.143,890.733,10313.836,81993.831,5276.683,11924.991,39996.221,5140.755,58652.709,58263.858,10798.19,6411.273,10311.227,202853.85,997817.25,3706.032,272.798,5630.066,57044.614,125048.424,45283.939,18478.024,3574.014,97925.825,21808.125,15636.131,4412.958,3752.102,128845.692,73042.605,38583.109,10159.662,147772.805,3653.151,1988.077,8846.061862,60544.937,21743,3271.014,272882.865,42921.506
1998/12/31,36241.578,18709.175,8023.166,10216.867,126169.583,170516.482,30145.148,7113.505,14788.609,1255262.566,908.04,10297.977,82010.184,5298.68,12163.887,40151.723,5153.229,58867.465,58456.989,10859.311,6559.656,10282.937,205753.493,1016402.907,3743.948,275.568,5764.197,57010.94,125266.403,45599.569,18572.347,3544.668,99632.299,22358.128,15721.627,4440.109,3783.516,132013.68,74656.228,38550.777,10198.31,147385.44,3735.531,1988.166,8850.972867,61250.974,21929,3292.134,276354.096,43584.03
1999/12/31,36648.054,18906.936,8032.953,10237.402,128746.273,173153.066,30420.216,7136.813,14980.484,1262713.651,925.491,10280.525,81965.83,5319.41,12398.691,40392.585,5164.78,59107.738,58657.794,10910.741,6689.135,10253.11,208644.079,1034976.626,3788.816,278.376,5891.263,57035.249,125481.05,45908.307,18670.843,3515.218,101266.57,22898.579,15806.771,4466.468,3817.489,135158.132,76285.225,38515.359,10237.593,146924.174,3822.619,1988.527,8857.873288,61973.957,22092,3309.318,279730.801,44233.73
2000/12/31,37057.453,19107.251,8050.884,10268.38,131280.739,175786.441,30701.903,7165.581,15170.387,1269974.572,943.287,10263.01,81895.925,5338.283,12628.596,40749.8,5176.482,59387.183,58867.004,10954.032,6783.502,10224.113,211540.428,1053481.072,3841.574,281.214,6013.711,57147.081,125714.674,46206.271,18783.745,3486.373,102808.59,23420.751,15894.016,4491.572,3858.234,138250.487,77932.247,38486.305,10278.542,146400.951,3918.183,1988.652,8872.102568,62693.322,22277,3321.242,282895.741,44896.856
2001/12/31,37471.535,19308.681,8078.877,10311.331,133776.064,178419.396,30991.344,7200.945,15358.418,1277188.787,961.482,10244.261,81809.438,5354.704,12852.753,41230.518,5188.446,59711.914,59080.221,10987.715,6836.538,10195.978,214448.301,1071888.19,3901.688,284.037,6129.98,57359.179,125974.298,46492.324,18914.866,3458.923,104239.563,23920.963,15984.365,4514.907,3906.911,141282.077,79604.541,38466.543,10320.463,145818.121,4023.237,1988.287,8895.990501,63415.174,22406,3327.105,285796.198,45579.161
2002/12/31,37889.443,19514.385,8114.698,10364.613,136228.456,181045.592,31288.572,7242.034,15544.554,1284349.938,979.883,10225.198,81699.829,5369.058,13072.056,41815.486,5200.632,60075.783,59301.235,11011.49,6854.755,10168.101,217369.087,1090189.358,3968.213,286.865,6240.215,57655.677,126249.509,46769.579,19061.066,3432.663,105578.297,24401.977,16076.427,4537.24,3961.695,144271.586,81294.378,38454.823,10362.028,145195.521,4136.102,1987.855,8924.985658,64136.669,22508,3327.77,288470.847,46272.223
2003/12/31,38309.475,19735.255,8155.466,10426.169,138600.174,183627.339,31596.593,7289.901,15729.268,1291485.488,998.15,10211.846,81569.481,5382.953,13289.6,42475.265,5213.8,60464.857,59548.421,11029.587,6850.361,10141.471,220307.809,1108369.577,4040.986,289.824,6350.762,58002.003,126523.884,47043.251,19217.032,3406.03,106888.418,24869.423,16167.421,4560.947,4020.195,147251.53,82971.734,38451.227,10402.836,144583.147,4254.553,1988.304,8958.482907,64817.254,22600,3325.637,291005.482,46971.25
2004/12/31,38728.778,19985.475,8196.624,10492.643,140843.786,186116.363,31918.582,7345.299,15913.119,1298573.031,1015.827,10212.088,81417.791,5398.645,13509.645,43167.276,5228.842,60858.654,59846.226,11047.739,6841.705,10117.213,223268.606,1126419.321,4119.773,293.084,6470.045,58348.332,126773.081,47320.454,19374.281,3376.761,108257.822,25332.026,16253.397,4589.241,4078.779,150267.989,84596.249,38454.52,10442.446,144043.914,4375.23,1990.924,8993.482974,65404.522,22749.84,3324.096,293530.886,47667.15
2005/12/31,39145.491,20274.282,8234.858,10561.436,142929.979,188479.24,32256.333,7408.608,16096.571,1305600.63,1032.586,10230.877,81246.801,5417.692,13735.232,43854.761,5246.368,61241.7,60210.012,11069.662,6842.465,10095.964,226254.703,1144326.293,4203.7,296.745,6603.677,58657.355,126978.754,47605.863,19526.406,3343.268,109747.906,25796.124,16331.646,4624.388,4134.699,153356.383,86141.373,38463.514,10480.085,143622.566,4495.531,1996.522,9029.481048,65863.973,22894.38,3325.608,296139.635,48352.951
2006/12/31,39558.75,20606.228,8269.372,10632.032,144839.238,190698.241,32611.436,7480.317,16279.728,1312600.877,1048.293,10271.476,81055.904,5440.696,13967.49,44537.926,5266.6,61609.991,60648.85,11098.212,6855.818,10078.461,229263.98,1162088.305,4293.942,300.887,6754.836,58918.471,127136.576,47901.643,19672.418,3305.529,111382.857,26263.048,16401.105,4667.105,4187.584,156524.189,87592.899,38478.763,10516.559,143338.407,4614.637,2005.566,9080.441839,66174.486,23036.087,3331.041,298860.519,49027.805
2007/12/31,39969.903,20975.949,8301.29,10704.83,146592.687,192784.521,32982.275,7560.141,16462.701,1319625.197,1063.04,10330.487,80854.515,5466.988,14205.479,45209.538,5289.333,61966.193,61151.82,11131.302,6878.566,10064.138,232296.83,1179685.631,4388.612,305.415,6920.762,59138.599,127250.015,48205.062,19813.816,3264.304,113139.374,26730.607,16463.031,4716.584,4238.021,159767.672,88965.508,38500.356,10550.695,143180.249,4732.785,2017.452,9147.933045,66353.572,22858.872,3339.75,301655.953,49693.58
2008/12/31,40381.86,21370.348,8331.465,10779.155,148252.473,194769.696,33363.256,7646.542,16645.94,1326690.636,1077.01,10397.984,80665.906,5495.302,14447.6,45817.016,5314.17,62309.529,61689.62,11161.755,6910.384,10050.699,235360.765,1197070.109,4480.145,310.033,7093.808,59319.234,127317.9,48509.842,19949.553,3219.802,114972.821,27197.419,16519.862,4771.633,4285.38,163096.985,90297.115,38525.752,10577.458,143123.163,4849.641,2030.599,9219.427748,66453.255,22920.946,3350.832,304473.143,50348.811
2009/12/31,40798.641,21770.69,8361.362,10854.388,149905.836,196701.298,33746.559,7737.316,16829.957,1333807.063,1090.486,10460.022,80519.685,5523.755,14691.31,46295.191,5340.485,62640.901,62221.164,11179.425,6949.275,10034.951,238465.165,1214182.182,4558.603,314.336,7262.964,59467.196,127340.884,48807.036,20078.873,3172.436,116815.612,27661.017,16575.173,4830.371,4329.124,166520.983,91641.881,38551.489,10590.26,143126.66,4965.105,2042.804,9298.402874,66548.197,22974.347,3362.761,307231.961,50992.034
2010/12/31,41222.875,22162.863,8391.986,10929.978,151616.777,198614.208,34126.173,7830.534,17015.048,1340968.737,1103.685,10506.617,80435.307,5550.959,14934.692,46601.492,5367.693,62961.136,62716.684,11177.509,6993.57,10014.633,241613.126,1230984.504,4617.334,318.042,7420.368,59588.007,127319.802,49090.041,20201.312,3122.835,118617.542,28119.5,16631.571,4891.251,4369.027,170043.918,93038.902,38574.682,10584.837,143158.099,5078.961,2052.48,9378.425028,66692.024,22974.347,3374.414,309876.17,51621.594
2011/12/31,41655.616,22542.371,8423.559,11005.175,153405.612,200517.584,34499.905,7925.813,17201.305,1348174.478,1116.644,10533.985,80424.665,5576.577,15177.28,46708.366,5395.816,63268.405,63164.949,11153.047,7044.211,9988.846,244808.254,1247446.011,4652.714,321.03,7563.334,59678.993,127252.9,49356.692,20315.673,3070.593,120365.271,28572.97,16689.863,4953.945,4404.483,173669.648,94501.233,38594.217,10558.909,143211.476,5190.666,2059.023,9449.440618,66902.958,23071.779,3385.61,312390.368,52237.272
2012/12/31,42095.224,22911.375,8455.477,11079.521,155257.387,202401.584,34868.151,8022.628,17388.437,1355386.952,1129.303,10545.161,80477.952,5600.972,15419.493,46637.082,5424.644,63561.798,63573.766,11109.662,7101.858,9958.334,248037.853,1263589.639,4667.868,323.407,7694.507,59737.717,127139.821,49608.451,20421.862,3016.496,122070.963,29021.94,16749.318,5018.367,4435.883,177392.252,96017.322,38609.486,10515.016,143287.536,5299.524,2062.881,9517.43747,67164.13,23234.936,3396.753,314799.465,52837.274
2013/12/31,42538.304,23270.465,8486.962,11153.122,157157.394,204259.377,35230.612,8118.719,17575.833,1362514.26,1141.652,10545.314,80565.861,5624.293,15661.312,46455.163,5453.061,63844.529,63955.654,11055.164,7163.93,9924.507,251268.276,1279498.874,4671.263,325.392,7817.818,59771.094,126984.964,49846.756,20521.959,2963.81,123740.109,29465.372,16809.157,5083.45,4465.276,181192.646,97571.676,38618.698,10459.716,143367.341,5405.009,2064.819,9624.247,67451.422,23299.716,3407.969,317135.919,53416.609
2014/12/31,42980.026,23622.353,8516.916,11226.322,159077.513,206077.898,35587.793,8211.383,17762.647,1369435.67,1153.658,10542.666,80646.262,5646.899,15902.916,46259.716,5479.66,64121.249,64331.348,11000.777,7226.869,9889.54,254454.778,1295291.543,4675.164,327.318,7939.483,59788.667,126794.564,50074.401,20618.991,2916.798,125385.833,29901.997,16868.02,5147.97,4495.482,185044.286,99138.69,38619.974,10402.343,143429.435,5506.586,2066.068,9703.247,67725.979,23329.772,3419.516,319448.634,53969.054
2015/12/31,43416.755,23968.973,8544.586,11299.192,160995.642,207847.528,35939.927,8298.663,17948.141,1376048.943,1165.3,10543.186,80688.545,5669.081,16144.363,46121.699,5503.457,64395.345,64715.81,10954.617,7287.983,9855.023,257563.815,1311050.527,4688.465,329.425,8064.036,59797.685,126573.481,50293.439,20715.01,2878.405,127017.224,30331.007,16924.929,5210.967,4528.526,188924.874,100699.395,38611.794,10349.803,143456.918,5603.74,2067.526,9779.426,67959.359,,3431.555,321773.631,54490.406
2016/12/31,44271.041,24450.561,8735.453,11429.336,164669.751,209288.278,24053.727,8476.005,18054.726,1403500,1179.551,10618.303,82114.224,5733.551,16624.858,46354.321,5523.231,64979.548,66181.585,11159.773,7364.883,9721.559,263991.379,1339180.127,4761.657,335.025,8321.57,59359.9,127484.45,50982.212,20876.917,2890.297,129163.276,31624.264,17035.938,5305.383,4705.818,197015.955,104918.09,38170.712,10329.506,143989.754,5708.844,2079.976,9910.701,69037.513,23626.456,3456.75,324459.463,56717.156
2017/12/31,43590,24127,8758,11297,166221,206081,36286,8372,1378020,1409517,1186,10562,82300,5731,16529,46523,5495,64732,65627,10747,7347,9818,257453,1266884,4758,334.2,8547,60601,126995,52799,21203,2872,120905,31661,17018,5238,4693,201996,102769,38417,10325,144346,5607,2065,9903,67445,23516,3480,326128,55654
2018/12/31,44361.15,24898.152,8891.388,11482.178,161376.708,209469.323,37074.562,8525.611,18729.16,1415046,1189.265,10665.677,83124.418,5752.126,17084.358,46692.858,5522.576,64990.511,67141.684,10522.246,7371.73,9707.499,267670.543,1352642.28,4818.69,336.713,8381.516,60627.291,127202.192,51171.706,21228.763,2801.264,126190.788,31528.033,17059.56,5337.962,4743.131,212228.286,106651.394,37921.592,10256.193,145734.038,5757.499,2077.837,9971.638,69428.453,23726.46,3449.285,327096.265,57792.518
2019/12/31,44780.677,25203.198,8955.102,11539.328,163046.161,211049.527,37411.047,8591.365,18952.038,1420062,1198.575,10689.209,83517.045,5771.876,17373.662,46736.776,5532.156,65129.728,67530.172,10473.455,7436.154,9684.679,270625.568,1366417.754,4882.495,339.031,8519.377,60550.075,126860.301,51225.308,21323.733,2759.627,127575.529,31949.777,17097.13,5378.857,4783.063,216565.318,108116.615,37887.768,10226.187,145872.256,5804.337,2078.654,10036.379,69625.582,23773.876,3461.734,329064.917,58558.27
2020/12/31,45195.774,25499.884,9006.398,11589.623,164689.383,212559.417,37742.154,8654.622,19116.201,1439323.776,1207.359,10708.981,83783.942,5792.202,17643.054,46754.778,5540.72,65273.511,67886.011,10423.054,7496.981,9660.351,273523.615,1380004.385,4937.786,341.243,8655.535,60461.826,126476.461,51269.185,21413.249,2722.289,128932.753,32365.999,17134.872,5421.241,4822.233,220892.34,109581.078,37846.611,10196.709,145934.462,5850.342,2078.938,10099.265,69799.978,23816.775,3473.73,331002.651,59308.69
