country,rating,action_date
El Salvador,B3,5-Feb-21
Morocco,Ba1,4-Feb-21
Gabon,Caa1,4-Dec-20
Namibia,Ba3,4-Dec-20
Colombia,Baa2,3-Dec-20
Kyrgyz Republic,B2,26-Nov-20
Belize,Caa3,24-Nov-20
South Africa,Ba2,20-Nov-20
El Salvador,B3,16-Nov-20
Croatia,Ba1,13-Nov-20
Guatemala,Ba1,10-Nov-20
Greece,Ba3,6-Nov-20
Isle of Man,Aa3,23-Oct-20
Panama,Baa1,20-Oct-20
United Kingdom,Aa3,16-Oct-20
Rwanda,B2,13-Oct-20
Bulgaria,Baa1,9-Oct-20
Tunisia,B2,6-Oct-20
Slovenia,A3,2-Oct-20
Argentina,Ca,28-Sep-20
Sri Lanka,Caa1,28-Sep-20
Hungary,Baa3,25-Sep-20
Bolivia,B2,22-Sep-20
Kuwait,A1,22-Sep-20
Turkey,B2,11-Sep-20
Angola,Caa1,8-Sep-20
Mali,Caa1,8-Sep-20
Chile,A1,25-Aug-20
Tanzania,B2,21-Aug-20
Laos,Caa2,14-Aug-20
Cameroon,B2,7-Aug-20
Cote d'Ivoire,Ba3,7-Aug-20
Ethiopia,B2,7-Aug-20
Pakistan,B3,7-Aug-20
Senegal,Ba3,7-Aug-20
Lebanon,C,27-Jul-20
eSwatini,B3,20-Jul-20
Suriname,Caa3,7-Jul-20
Fiji,Ba3,29-Jun-20
Bahamas,Ba2,25-Jun-20
Oman,Ba3,23-Jun-20
Laos,B3,19-Jun-20
Cote d'Ivoire,Ba3,12-Jun-20
Senegal,Ba3,12-Jun-20
Ukraine,B3,12-Jun-20
Costa Rica,B2,2-Jun-20
India,Baa3,1-Jun-20
Botswana,A2,29-May-20
Cameroon,B2,27-May-20
Namibia,Ba2,22-May-20
Trinidad and Tobago,Ba1,22-May-20
Maldives,B3,21-May-20
Pakistan,B3,14-May-20
Belize,Caa1,12-May-20
Mongolia,B3,8-May-20
Ethiopia,B2,7-May-20
Kenya,B2,7-May-20
Saudi Arabia,A1,1-May-20
Israel,A1,24-Apr-20
Romania,Baa3,24-Apr-20
Thailand,Baa1,24-Apr-20
Ghana,B3,17-Apr-20
Mexico,Baa1,17-Apr-20
Sri Lanka,B2,17-Apr-20
Tunisia,B2,17-Apr-20
Suriname,B3,14-Apr-20
Bahamas,Baa3,9-Apr-20
Angola,B3,3-Apr-20
Argentina,Ca,3-Apr-20
Ecuador,Caa3,3-Apr-20
Zambia,Ca,3-Apr-20
Mauritius,Baa1,1-Apr-20
Kuwait,Aa2,30-Mar-20
Oman,Ba2,30-Mar-20
South Africa,Ba1,27-Mar-20
El Salvador,B3,12-Mar-20
Bolivia,B1,10-Mar-20
Montenegro,B1,6-Mar-20
Oman,Ba2,5-Mar-20
France,Aa2,21-Feb-20
Lebanon,Ca,21-Feb-20
Sharjah,Baa2,18-Feb-20
Nicaragua,B3,14-Feb-20
Tunisia,B2,14-Feb-20
Costa Rica,B2,10-Feb-20
Ecuador,Caa1,6-Feb-20
Ghana,B3,24-Jan-20
Hong Kong,Aa3,20-Jan-20
Laos,B3,8-Jan-20
Vietnam,Ba3,18-Dec-19
Jamaica,B2,11-Dec-19
Namibia,Ba2,6-Dec-19
Bolivia,Ba3,5-Dec-19
Nigeria,B2,4-Dec-19
Pakistan,B3,2-Dec-19
Ukraine,Caa1,22-Nov-19
Isle of Man,Aa2,15-Nov-19
Iceland,A2,8-Nov-19
United Kingdom,Aa2,8-Nov-19
India,Baa2,7-Nov-19
Lebanon,Caa2,5-Nov-19
South Africa,Baa3,1-Nov-19
Vietnam,Ba3,11-Oct-19
Czech Republic,Aa3,4-Oct-19
Lebanon,Caa1,4-Oct-19
Slovakia,A2,27-Sep-19
Cyprus,Ba2,20-Sep-19
Ethiopia,B1,20-Sep-19
Mozambique,Caa2,20-Sep-19
Hong Kong,Aa2,16-Sep-19
Serbia,Ba3,6-Sep-19
Argentina,Caa2,30-Aug-19
Bulgaria,Baa2,30-Aug-19
Armenia,Ba3,27-Aug-19
Lithuania,A3,23-Aug-19
Kazakhstan,Baa3,22-Aug-19
Portugal,Baa3,9-Aug-19
Niger,B3,6-Aug-19
Thailand,Baa1,25-Jul-19
Malta,A2,19-Jul-19
Sharjah,A3,18-Jul-19
Argentina,B2,12-Jul-19
Barbados,Caa1,2-Jul-19
Benin,B2,18-Jun-19
Democratic Republic of the Congo,Caa1,18-Jun-19
Cameroon,B2,14-Jun-19
Gabon,Caa1,14-Jun-19
Turkey,B1,14-Jun-19
Sint Maarten,Baa3,7-Jun-19
Mexico,A3,5-Jun-19
Togo,B3,5-Jun-19
Colombia,Baa2,23-May-19
Zambia,Caa2,23-May-19
Croatia,Ba2,26-Apr-19
Slovenia,Baa1,26-Apr-19
Egypt,B2,17-Apr-19
Benin [2],B2,15-Mar-19
Panama,Baa1,8-Mar-19
Oman,Ba1,5-Mar-19
Greece,B1,1-Mar-19
Suriname,B2,28-Feb-19
Mali,B3,26-Feb-19
Bahamas,Baa3,21-Feb-19
Mozambique,Caa3,15-Feb-19
Papua New Guinea,B2,15-Feb-19
Uzbekistan,B1,13-Feb-19
Russia,Baa3,8-Feb-19
Nicaragua,B2,25-Jan-19
Lebanon,Caa1,21-Jan-19
Ukraine,Caa1,21-Dec-18
Bahrain,B2,17-Dec-18
Lebanon,B3,13-Dec-18
Ecuador,B3,12-Dec-18
Tajikistan,B3,10-Dec-18
Costa Rica,B1,5-Dec-18
Morocco,Ba1,20-Nov-18
Sri Lanka,B2,20-Nov-18
Italy,Baa3,19-Oct-18
Costa Rica,Ba2,18-Oct-18
Tunisia,B2,16-Oct-18
Portugal,Baa3,12-Oct-18
Republic of the Congo,Caa2,12-Oct-18
Montenegro,B1,21-Sep-18
Egypt,B3,28-Aug-18
Turkey,Ba3,17-Aug-18
Vietnam,Ba3,10-Aug-18
Bahrain,B2,3-Aug-18
Cyprus,Ba2,27-Jul-18
Zambia,Caa1,27-Jul-18
Chile,A1,26-Jul-18
Maldives,B2,25-Jul-18
Iceland,A3,20-Jul-18
Israel,A1,20-Jul-18
Jamaica,B3,20-Jul-18
Qatar,Aa3,13-Jul-18
Pakistan,B3,20-Jun-18
Nicaragua,B2,13-Jun-18
Gabon,Caa1,8-Jun-18
Cameroon,B2,7-Jun-18
Turkey,Ba2,1-Jun-18
Italy,Baa2,25-May-18
France,Aa2,4-May-18
Angola,B3,27-Apr-18
Czech Republic,A1,20-Apr-18
Indonesia,Baa2,13-Apr-18
Spain,Baa1,13-Apr-18
Mexico,A3,11-Apr-18
Brazil,Ba2,9-Apr-18
Papua New Guinea,B2,23-Mar-18
South Africa,Baa3,23-Mar-18
Belarus,B3,16-Mar-18
Oman,Baa3,16-Mar-18
Tunisia,B2,14-Mar-18
Armenia,B1,9-Mar-18
Venezuela,C,9-Mar-18
Sint Maarten,Baa2,8-Mar-18
Turkey,Ba2,7-Mar-18
Tanzania,B1,2-Mar-18
El Salvador,B3,23-Feb-18
Malta,A3,23-Feb-18
Colombia,Baa2,22-Feb-18
Greece,B3,21-Feb-18
Suriname,B2,20-Feb-18
Kenya,B2,13-Feb-18
Angola,B2,7-Feb-18
Zambia,B3,26-Jan-18
Russia,Ba1,25-Jan-18
Mongolia,B3,18-Jan-18
Democratic Republic of the Congo,B3,8-Dec-17
Argentina,B2,29-Nov-17
South Africa,Baa3,24-Nov-17
Suriname,B1,22-Nov-17
India,Baa2,16-Nov-17
Cuba,Caa2,8-Nov-17
Nigeria,B2,7-Nov-17
eSwatini,B2,27-Oct-17
Angola,B2,20-Oct-17
Kenya,B1,2-Oct-17
Isle of Man,Aa2,29-Sep-17
Montenegro,B1,29-Sep-17
Panama,Baa2,29-Sep-17
Honduras,B1,22-Sep-17
United Kingdom,Aa2,22-Sep-17
Sint Maarten,Baa2,21-Sep-17
Ireland,A2,15-Sep-17
Georgia,Ba2,11-Sep-17
Slovenia,Baa1,8-Sep-17
Fiji,Ba3,6-Sep-17
Portugal,Ba1,1-Sep-17
Tajikistan,B3,28-Aug-17
Bahamas,Baa3,25-Aug-17
Lebanon,B3,25-Aug-17
Ukraine,Caa2,25-Aug-17
Chile,Aa3,24-Aug-17
Azerbaijan,Ba2,18-Aug-17
Tunisia,B1,18-Aug-17
Namibia,Ba1,11-Aug-17
Iraq,Caa1,3-Aug-17
Bolivia,Ba3,1-Aug-17
Bahrain,B1,28-Jul-17
Cyprus,Ba3,28-Jul-17
Oman,Baa2,28-Jul-17
Republic of the Congo,Caa2,28-Jul-17
Kazakhstan,Baa3,26-Jul-17
Dominican Republic,Ba3,20-Jul-17
Nicaragua,B2,20-Jul-17
Cayman Islands,Aa3,17-Jul-17
Uruguay,Baa2,13-Jul-17
Bahamas,Baa3,6-Jul-17
Qatar,Aa3,4-Jul-17
Gabon,B3,3-Jul-17
Greece,Caa2,23-Jun-17
South Africa,Baa3,9-Jun-17
United Arab Emirates,Aa2,27-May-17
Brazil,Ba2,26-May-17
Kuwait,Aa2,26-May-17
Qatar,Aa3,26-May-17
Abu Dhabi,Aa2,25-May-17
China,A1,24-May-17
Hong Kong,Aa2,24-May-17
Macao,Aa3,24-May-17
Azerbaijan,Ba1,19-May-17
Poland,A2,12-May-17
Vietnam,B1,28-Apr-17
Trinidad and Tobago,Ba1,25-Apr-17
Romania,Baa3,21-Apr-17
El Salvador,Caa1,13-Apr-17
Senegal,Ba3,13-Apr-17
Belize,B3,11-Apr-17
Slovakia,A2,7-Apr-17
South Africa,Baa2,3-Apr-17
Mongolia,Caa1,30-Mar-17
Serbia,Ba3,17-Mar-17
Turkey,Ba1,17-Mar-17
Brazil,Ba2,15-Mar-17
Croatia,Ba2,10-Mar-17
Barbados,Caa3,9-Mar-17
Argentina,B3,6-Mar-17
Morocco,Ba1,24-Feb-17
Russia,Ba1,17-Feb-17
Mongolia,Caa1,15-Feb-17
Costa Rica,Ba2,9-Feb-17
Indonesia,Baa3,8-Feb-17
Moldova,B3,13-Jan-17
Italy,Baa2,7-Dec-16
Namibia,Baa3,2-Dec-16
Tunisia,Ba3,22-Nov-16
Jamaica,B3,21-Nov-16
Mongolia,Caa1,18-Nov-16
Uganda,B2,18-Nov-16
Cyprus,B1,11-Nov-16
El Salvador,B3,7-Nov-16
Hungary,Baa3,4-Nov-16
Republic of the Congo,B3,4-Oct-16
Ghana,B3,23-Sep-16
Turkey,Ba1,23-Sep-16
Slovenia,Baa3,16-Sep-16
Maldives,B2,2-Sep-16
Iceland,A3,1-Sep-16
Mongolia,B3,26-Aug-16
Bahamas,Baa3,22-Aug-16
Rwanda,B2,12-Aug-16
El Salvador,B1,11-Aug-16
Cameroon,B2,5-Aug-16
Republic of the Congo,B3,1-Aug-16
Turkey,Baa3,18-Jul-16
Mozambique,Caa3,8-Jul-16
Bahamas,Baa2,1-Jul-16
Guatemala,Ba1,30-Jun-16
Dominican Republic,B1,29-Jun-16
Isle of Man,Aa1,29-Jun-16
Austria,Aa1,24-Jun-16
United Kingdom,Aa1,24-Jun-16
Uruguay,Baa2,22-Jun-16
Sri Lanka,B1,20-Jun-16
Belarus,Caa1,17-Jun-16
Bolivia,Ba3,10-Jun-16
Iceland,Baa2,10-Jun-16
Bermuda,A2,3-Jun-16
Finland,Aa1,3-Jun-16
Macao,Aa3,25-May-16
Honduras,B2,24-May-16
Mozambique,Caa1,20-May-16
Suriname,B1,20-May-16
St. Vincent & the Grenadines,B3,19-May-16
Abu Dhabi,Aa2,14-May-16
Bahrain,Ba2,14-May-16
Ireland,A3,14-May-16
Kuwait,Aa2,14-May-16
Montenegro,B1,14-May-16
Oman,Baa1,14-May-16
Poland,A2,14-May-16
Qatar,Aa2,14-May-16
Saudi Arabia,A1,14-May-16
United Arab Emirates,Aa2,14-May-16
Fiji,B1,6-May-16
South Africa,Baa2,6-May-16
Angola,B1,29-Apr-16
Azerbaijan,Ba1,29-Apr-16
Gabon,B1,29-Apr-16
Nigeria,B1,29-Apr-16
Republic of the Congo,B2,29-Apr-16
Papua New Guinea,B2,25-Apr-16
Kazakhstan,Baa3,22-Apr-16
Russia,Ba1,22-Apr-16
Zambia,B3,19-Apr-16
Argentina,B3,15-Apr-16
Mozambique,Caa1,15-Apr-16
Trinidad and Tobago,Baa3,15-Apr-16
Sint Maarten,Baa2,4-Apr-16
Barbados,Caa1,1-Apr-16
Mexico,A3,31-Mar-16
Armenia,B1,18-Mar-16
Serbia,B1,18-Mar-16
Mozambique,B3,15-Mar-16
Hong Kong,Aa1,12-Mar-16
Croatia,Ba2,11-Mar-16
Georgia,Ba3,11-Mar-16
Macao,Aa2,11-Mar-16
South Africa,Baa2,8-Mar-16
Abu Dhabi,Aa2,4-Mar-16
Angola,Ba2,4-Mar-16
Bahrain,Ba1,4-Mar-16
Gabon,Ba3,4-Mar-16
Kazakhstan,Baa2,4-Mar-16
Kuwait,Aa2,4-Mar-16
Nigeria,Ba3,4-Mar-16
Qatar,Aa2,4-Mar-16
Republic of the Congo,B1,4-Mar-16
Russia,Ba1,4-Mar-16
Saudi Arabia,Aa3,4-Mar-16
Trinidad and Tobago,Baa2,4-Mar-16
United Arab Emirates,Aa2,4-Mar-16
Venezuela,Caa3,4-Mar-16
China,Aa3,2-Mar-16
Oman,A3,26-Feb-16
Papua New Guinea,B1,25-Feb-16
Brazil,Ba2,24-Feb-16
Spain,Baa2,19-Feb-16
Kenya,B1,12-Feb-16
Costa Rica,Ba1,8-Feb-16
Azerbaijan,Ba1,5-Feb-16
Malaysia,A3,11-Jan-16
Korea,Aa2,18-Dec-15
Mozambique,B2,17-Dec-15
South Africa,Baa2,15-Dec-15
Romania,Baa3,11-Dec-15
Cuba,Caa2,10-Dec-15
Brazil,Baa3,9-Dec-15
Kyrgyz Republic,B2,9-Dec-15
Russia,Ba1,3-Dec-15
Solomon Islands,B3,26-Nov-15
Argentina,Caa1,24-Nov-15
Uganda,B1,20-Nov-15
El Salvador,Ba3,19-Nov-15
Ukraine,Caa3,19-Nov-15
Cyprus,B1,13-Nov-15
Republic of the Congo,Ba3,13-Nov-15
Hungary,Ba1,6-Nov-15
Cote d'Ivoire,Ba3,5-Nov-15
Argentina,Caa1,2-Nov-15
Austria,Aaa,23-Oct-15
Greece,Caa3,25-Sep-15
Zambia,B2,25-Sep-15
France,Aa2,18-Sep-15
Ireland,Baa1,11-Sep-15
Brazil,Baa3,11-Aug-15
Mozambique,B2,7-Aug-15
Moldova,B3,31-Jul-15
Nicaragua,B2,10-Jul-15
Greece,Caa3,1-Jul-15
Iceland,Baa2,29-Jun-15
Pakistan,B3,11-Jun-15
Finland,Aaa,5-Jun-15
Zambia,B1,29-May-15
Jamaica,Caa2,28-May-15
Guatemala,Ba1,26-May-15
Tunisia,Ba3,25-May-15
Papua New Guinea,B1,18-May-15
Honduras,B3,11-May-15
Lithuania,A3,8-May-15
Trinidad and Tobago,Baa2,30-Apr-15
Greece,Caa2,29-Apr-15
Belarus,Caa1,17-Apr-15
Bahrain,Baa3,16-Apr-15
Korea,Aa3,10-Apr-15
India,Baa3,9-Apr-15
Egypt,B3,7-Apr-15
Kazakhstan,Baa2,31-Mar-15
Pakistan,Caa1,25-Mar-15
Ukraine,Ca,24-Mar-15
Paraguay,Ba1,20-Mar-15
Ghana,B3,19-Mar-15
Angola,Ba2,3-Mar-15
Belarus,B3,23-Feb-15
Oman,A1,20-Feb-15
Russia,Ba1,20-Feb-15
Latvia,A3,13-Feb-15
Greece,Caa1,6-Feb-15
Slovenia,Baa3,23-Jan-15
Russia,Baa3,16-Jan-15
Armenia,Ba3,15-Jan-15
Venezuela,Caa3,13-Jan-15
Ecuador,B3,19-Dec-14
Lebanon,B2,16-Dec-14
Gabon,Ba3,12-Dec-14
Philippines,Baa2,11-Dec-14
Japan,A1,1-Dec-14
St. Vincent & the Grenadines,B3,21-Nov-14
Cyprus,B3,14-Nov-14
Hungary,Ba1,7-Nov-14
Senegal,B1,7-Nov-14
South Africa,Baa2,6-Nov-14
Montenegro,Ba3,31-Oct-14
Egypt,Caa1,20-Oct-14
Russia,Baa2,17-Oct-14
Costa Rica,Ba1,16-Sep-14
Brazil,Baa2,9-Sep-14
Lithuania,Baa1,5-Sep-14
Bahamas,Baa2,2-Sep-14
Morocco,Ba1,2-Sep-14
Georgia,Ba3,22-Aug-14
Angola,Ba2,8-Aug-14
Greece,Caa1,1-Aug-14
Argentina,Caa1,31-Jul-14
Vietnam,B1,29-Jul-14
Colombia,Baa2,28-Jul-14
Portugal,Ba1,25-Jul-14
Mongolia,B2,17-Jul-14
Pakistan,Caa1,14-Jul-14
Cote d'Ivoire,B1,8-Jul-14
Peru,A3,2-Jul-14
Ghana,B2,27-Jun-14
Russia,Baa1,27-Jun-14
Latvia,Baa1,13-Jun-14
Barbados,B3,2-Jun-14
Uruguay,Baa2,29-May-14
Mongolia,B1,26-May-14
Bermuda,A1,19-May-14
Ireland,Baa1,16-May-14
Ethiopia,B1,9-May-14
Portugal,Ba2,9-May-14
Romania,Baa3,25-Apr-14
Cuba,Caa2,23-Apr-14
Turkey,Baa3,11-Apr-14
Ukraine,Caa3,4-Apr-14
Russia,Baa1,28-Mar-14
Croatia,Ba1,21-Mar-14
Cyprus,Caa3,21-Mar-14
Argentina,Caa1,17-Mar-14
Belgium,Aa3,7-Mar-14
Netherlands,Aaa,7-Mar-14
Macao,Aa2,2-Mar-14
Austria,Aaa,28-Feb-14
Germany,Aaa,28-Feb-14
Luxembourg,Aaa,28-Feb-14
Honduras,B3,27-Feb-14
Spain,Baa2,21-Feb-14
Italy,Baa2,14-Feb-14
Suriname,Ba3,14-Feb-14
Jamaica,Caa3,12-Feb-14
Mexico,A3,5-Feb-14
Paraguay,Ba2,4-Feb-14
Ukraine,Caa2,31-Jan-14
Slovenia,Ba1,24-Jan-14
Ireland,Baa3,17-Jan-14
Sharjah,A3,8-Jan-14
Barbados,Ba3,20-Dec-13
Uganda,B1,20-Dec-13
Isle of Man,Aa1,16-Dec-13
Venezuela,Caa1,16-Dec-13
Ghana,B1,5-Dec-13
Spain,Baa3,4-Dec-13
Greece,Caa3,29-Nov-13
Tunisia,Ba3,25-Nov-13
Malaysia,A3,20-Nov-13
Portugal,Ba3,8-Nov-13
Republic of the Congo,Ba3,11-Oct-13
Malta,A3,4-Oct-13
Slovakia,A2,4-Oct-13
Philippines,Baa3,3-Oct-13
Brazil,Baa2,2-Oct-13
Costa Rica,Baa3,23-Sep-13
Ireland,Ba1,20-Sep-13
Mozambique,B1,20-Sep-13
Ukraine,Caa1,20-Sep-13
Bahrain,Baa2,18-Sep-13
Democratic Republic of the Congo,B3,6-Sep-13
Armenia,Ba2,20-Aug-13
Kazakhstan,Baa2,16-Aug-13
Isle of Man,Aaa,26-Jul-13
Philippines,Ba1,25-Jul-13
United States of America,Aaa,18-Jul-13
Serbia,B1,14-Jul-13
Colombia,Baa3,8-Jul-13
Sri Lanka,B1,2-Jul-13
Jordan,B1,26-Jun-13
Bahrain,Baa1,14-Jun-13
Tunisia,Ba2,29-May-13
Bermuda,Aa3,16-May-13
Turkey,Baa3,16-May-13
Lebanon,B1,14-May-13
Slovenia,Ba1,30-Apr-13
China,Aa3,16-Apr-13
Hong Kong,Aa1,16-Apr-13
Belize,Caa2,15-Apr-13
Bermuda,Aa2,3-Apr-13
Egypt,Caa1,21-Mar-13
Latvia,Baa2,15-Mar-13
Jamaica,Caa3,6-Mar-13
Tunisia,Ba1,28-Feb-13
Honduras,B2,26-Feb-13
United Kingdom,Aa1,22-Feb-13
Jamaica,B3,14-Feb-13
Fiji,B1,13-Feb-13
Egypt,B3,12-Feb-13
Morocco,Ba1,11-Feb-13
Iceland,Baa3,7-Feb-13
Croatia,Ba1,1-Feb-13
Egypt,B2,18-Jan-13
Venezuela,B2,15-Jan-13
Cyprus,Caa3,10-Jan-13
Paraguay,Ba3,8-Jan-13
Barbados,Ba1,20-Dec-12
Ghana,B1,20-Dec-12
Bahamas,Baa1,14-Dec-12
Ukraine,B3,5-Dec-12
France,Aa1,19-Nov-12
Cyprus,B3,16-Nov-12
Finland,Aaa,9-Nov-12
Kenya,B1,7-Nov-12
Nigeria,Ba3,7-Nov-12
Zambia,B1,7-Nov-12
El Salvador,Ba3,5-Nov-12
Sint Maarten,Baa1,5-Nov-12
Panama,Baa2,31-Oct-12
Philippines,Ba1,29-Oct-12
Spain,Baa3,16-Oct-12
St. Vincent & the Grenadines,B2,9-Oct-12
Cyprus,B3,8-Oct-12
Vietnam,B2,28-Sep-12
South Africa,Baa1,27-Sep-12
Argentina,B3,17-Sep-12
Ecuador,Caa1,13-Sep-12
Egypt,B2,12-Sep-12
Korea,Aa3,27-Aug-12
Angola,Ba3,22-Aug-12
Belize,Ca,21-Aug-12
Peru,Baa2,16-Aug-12
Suriname,Ba3,14-Aug-12
Slovenia,Baa2,2-Aug-12
Uruguay,Baa3,31-Jul-12
Germany,Aaa,23-Jul-12
Luxembourg,Aaa,23-Jul-12
Netherlands,Aaa,23-Jul-12
Italy,Baa2,13-Jul-12
Pakistan,Caa1,13-Jul-12
Bosnia and Herzegovina,B3,10-Jul-12
Romania,Baa3,29-Jun-12
Mauritius,Baa1,26-Jun-12
Turkey,Ba1,20-Jun-12
Cyprus,Ba3,13-Jun-12
Spain,Baa3,13-Jun-12
Bolivia,Ba3,8-Jun-12
Belize,Ca,1-Jun-12
Croatia,Baa3,31-May-12
Philippines,Ba2,29-May-12
Azerbaijan,Baa3,19-Apr-12
Bosnia and Herzegovina,B3,3-Apr-12
Korea,A1,2-Apr-12
Mauritius,Baa2,16-Mar-12
Cyprus,Ba1,13-Mar-12
Poland,A2,12-Mar-12
Greece,C,2-Mar-12
Netherlands,Aaa,19-Feb-12
Belize,Caa1,16-Feb-12
Austria,Aaa,13-Feb-12
France,Aaa,13-Feb-12
Italy,A3,13-Feb-12
Malta,A3,13-Feb-12
Portugal,Ba3,13-Feb-12
Slovakia,A2,13-Feb-12
Slovenia,A2,13-Feb-12
Spain,A3,13-Feb-12
United Kingdom,Aaa,13-Feb-12
Uruguay,Ba1,26-Jan-12
Indonesia,Baa3,18-Jan-12
Slovenia,A1,22-Dec-11
Egypt,B2,21-Dec-11
India,Baa3,20-Dec-11
Belgium,Aa3,16-Dec-11
Ukraine,B2,15-Dec-11
Botswana,A2,24-Nov-11
Hungary,Ba1,24-Nov-11
Armenia,Ba2,21-Nov-11
South Africa,A3,9-Nov-11
Belarus,B3,4-Nov-11
Cyprus,Baa3,4-Nov-11
Egypt,B1,27-Oct-11
Spain,A1,18-Oct-11
Belgium,Aa1,7-Oct-11
Italy,A2,4-Oct-11
Slovenia,Aa3,23-Sep-11
Namibia,Baa3,22-Sep-11
Malta,A2,6-Sep-11
Bahamas,A3,31-Aug-11
Japan,Aa3,24-Aug-11
Panama,Baa3,4-Aug-11
United States of America,Aaa,2-Aug-11
Spain,Aa2,29-Jul-11
Cyprus,Baa1,27-Jul-11
Greece,Ca,25-Jul-11
Bulgaria,Baa2,22-Jul-11
Belarus,B3,21-Jul-11
Sri Lanka,B1,18-Jul-11
United States of America,Aaa,13-Jul-11
Ireland,Ba1,12-Jul-11
Portugal,Ba2,5-Jul-11
Brazil,Baa2,20-Jun-11
Italy,Aa2,17-Jun-11
Philippines,Ba2,15-Jun-11
Barbados,Baa3,13-Jun-11
Latvia,Baa3,6-Jun-11
Angola,Ba3,3-Jun-11
Greece,Caa1,1-Jun-11
Colombia,Baa3,31-May-11
Japan,Aa2,31-May-11
Bahrain,Baa1,26-May-11
Bosnia and Herzegovina,B2,16-May-11
Cyprus,A2,16-May-11
Greece,B1,9-May-11
Ireland,Baa3,15-Apr-11
Bulgaria,Baa3,5-Apr-11
Portugal,Baa1,5-Apr-11
Montenegro,Ba3,30-Mar-11
Belarus,B2,29-Mar-11
El Salvador,Ba2,24-Mar-11
Peru,Baa3,21-Mar-11
Egypt,Ba3,16-Mar-11
Portugal,A3,15-Mar-11
Spain,Aa2,10-Mar-11
Senegal,B1,9-Mar-11
Azerbaijan,Ba1,8-Mar-11
Greece,B1,7-Mar-11
Angola,B1,28-Feb-11
Cyprus,A2,24-Feb-11
Bahrain,A3,23-Feb-11
Japan,Aa2,22-Feb-11
Jordan,Ba2,8-Feb-11
Ecuador,Caa2,1-Feb-11
Egypt,Ba2,31-Jan-11
Tunisia,Baa3,19-Jan-11
Indonesia,Ba1,17-Jan-11
Cyprus,Aa3,13-Jan-11
Philippines,Ba3,6-Jan-11
Portugal,A1,21-Dec-10
Ireland,Baa1,17-Dec-10
Greece,Ba1,16-Dec-10
Spain,Aa1,15-Dec-10
Vietnam,B1,15-Dec-10
Uruguay,Ba1,8-Dec-10
Hungary,Baa3,6-Dec-10
Bolivia,B1,2-Dec-10
Paraguay,B1,2-Dec-10
Indonesia,Ba2,1-Dec-10
China,Aa3,11-Nov-10
Isle of Man,Aaa,11-Nov-10
Hong Kong,Aa1,10-Nov-10
Thailand,Baa1,28-Oct-10
Ukraine,B2,11-Oct-10
China,A1,8-Oct-10
Hong Kong,Aa2,8-Oct-10
Georgia,Ba3,6-Oct-10
Ireland,Aa2,5-Oct-10
Turkey,Ba2,5-Oct-10
Spain,Aa1,30-Sep-10
Sri Lanka,B1,22-Sep-10
Colombia,Ba1,9-Sep-10
Costa Rica,Baa3,9-Sep-10
Turkmenistan,WR,9-Sep-10
Bahrain,A3,23-Aug-10
Moldova,B3,12-Aug-10
Kuwait,Aa2,5-Aug-10
Iceland,Baa3,29-Jul-10
India,Baa3,26-Jul-10
Hungary,Baa1,23-Jul-10
Ireland,Aa2,19-Jul-10
Uruguay,Ba3,15-Jul-10
Portugal,A1,13-Jul-10
Spain,Aaa,30-Jun-10
Bolivia,B2,24-Jun-10
Paraguay,B3,24-Jun-10
Indonesia,Ba2,21-Jun-10
Chile,Aa3,16-Jun-10
Greece,Ba1,14-Jun-10
Panama,Baa3,9-Jun-10
Guatemala,Ba1,1-Jun-10
Nicaragua,B3,26-May-10
Angola,B1,19-May-10
Portugal,Aa2,5-May-10
Iceland,Baa3,23-Apr-10
Dominican Republic,B1,22-Apr-10
Greece,A3,22-Apr-10
Korea,A1,14-Apr-10
Lebanon,B1,13-Apr-10
Bangladesh,Ba3,12-Apr-10
Iceland,Baa3,6-Apr-10
Kazakhstan,Baa2,5-Apr-10
Estonia,A1,31-Mar-10
Latvia,Baa3,31-Mar-10
Lithuania,Baa1,31-Mar-10
Jamaica,B3,2-Mar-10
Botswana,A2,19-Feb-10
Oman,A1,18-Feb-10
Saudi Arabia,Aa3,15-Feb-10
Panama,Ba1,12-Feb-10
Jamaica,Caa1,22-Jan-10
Bulgaria,Baa3,21-Jan-10
Turkey,Ba2,8-Jan-10
Greece,A2,22-Dec-09
Lebanon,B2,18-Dec-09
Peru,Baa3,16-Dec-09
India,Baa3,15-Dec-09
Jamaica,Caa1,18-Nov-09
El Salvador,Ba1,15-Nov-09
Iceland,Baa3,11-Nov-09
China,A1,8-Nov-09
Hong Kong,Aa2,8-Nov-09
Mongolia,B1,30-Oct-09
Greece,A1,29-Oct-09
Portugal,Aa2,29-Oct-09
Isle of Man,Aaa,21-Oct-09
Bahamas,A3,14-Oct-09
Barbados,Baa3,13-Oct-09
Moldova,WR,1-Oct-09
Peru,Ba1,29-Sep-09
Bolivia,B2,28-Sep-09
Lithuania,Baa1,28-Sep-09
Ecuador,Caa3,24-Sep-09
Brazil,Baa3,22-Sep-09
Turkey,Ba3,18-Sep-09
Indonesia,Ba2,16-Sep-09
El Salvador,Baa3,14-Sep-09
Egypt,Ba1,19-Aug-09
Pakistan,B3,17-Aug-09
Philippines,Ba3,23-Jul-09
South Africa,A3,16-Jul-09
Brazil,Ba1,6-Jul-09
Ireland,Aa1,2-Jul-09
Azerbaijan,Ba1,19-Jun-09
Indonesia,Ba3,11-Jun-09
Mongolia,B1,10-Jun-09
Kuwait,Aa2,9-Jun-09
Japan,Aa2,18-May-09
Barbados,Baa2,14-May-09
Kazakhstan,Baa2,12-May-09
Ukraine,B2,12-May-09
Montenegro,Ba3,30-Apr-09
Bermuda,Aa2,29-Apr-09
Estonia,A1,23-Apr-09
Latvia,Baa3,23-Apr-09
Lithuania,A3,23-Apr-09
Fiji,B1,22-Apr-09
Croatia,Baa3,17-Apr-09
Ireland,Aaa,17-Apr-09
Lebanon,B2,1-Apr-09
Hungary,Baa1,31-Mar-09
Slovenia,Aa2,31-Mar-09
Slovakia,A1,27-Mar-09
Chile,A1,23-Mar-09
Kuwait,Aa2,19-Mar-09
Bermuda,Aa1,16-Mar-09
Botswana,A2,12-Mar-09
South Africa,Baa1,12-Mar-09
Jamaica,B2,4-Mar-09
Greece,A1,25-Feb-09
Ukraine,B1,24-Feb-09
Fiji,Ba2,18-Feb-09
Belize,B3,10-Feb-09
Estonia,A1,10-Feb-09
Lithuania,A2,10-Feb-09
Mongolia,B1,5-Feb-09
Ireland,Aaa,30-Jan-09
Venezuela,B2,15-Jan-09
Belgium,Aa1,13-Jan-09
Uruguay,Ba3,12-Jan-09
Latvia,Baa1,7-Jan-09
Bahrain,A2,6-Jan-09
Guatemala,Ba2,18-Dec-08
Montenegro,Ba2,18-Dec-08
Ecuador,Ca,16-Dec-08
Pakistan,B3,12-Dec-08
Russia,Baa1,12-Dec-08
Lebanon,B3,11-Dec-08
Czech Republic,A1,8-Dec-08
Iceland,Baa1,4-Dec-08
Thailand,Baa1,4-Dec-08
Chile,A2,20-Nov-08
Croatia,Baa3,19-Nov-08
Ecuador,Caa1,14-Nov-08
Estonia,A1,7-Nov-08
Hungary,A3,7-Nov-08
Latvia,A3,7-Nov-08
Lithuania,A2,7-Nov-08
Jamaica,B1,4-Nov-08
Pakistan,B3,28-Oct-08
Ukraine,B1,20-Oct-08
Iceland,A1,8-Oct-08
Iceland,Aa1,30-Sep-08
Bulgaria,Baa3,25-Sep-08
Latvia,A2,25-Sep-08
Pakistan,B2,23-Sep-08
Venezuela,B2,19-Sep-08
Peru,Ba1,19-Aug-08
Argentina,B3,14-Aug-08
Uruguay,B1,14-Aug-08
Costa Rica,Ba1,12-Aug-08
Ukraine,B1,8-Aug-08
Slovakia,A1,31-Jul-08
Azerbaijan,Ba1,30-Jul-08
Russia,Baa1,16-Jul-08
Japan,Aaa,30-Jun-08
Egypt,Ba1,23-Jun-08
Colombia,Ba1,19-Jun-08
Vietnam,Ba3,4-Jun-08
Pakistan,B2,21-May-08
Iceland,Aa1,20-May-08
Israel,A1,17-Apr-08
Paraguay,B3,9-Apr-08
Ukraine,B1,28-Mar-08
Russia,Baa2,27-Mar-08
Lebanon,B3,25-Mar-08
Ecuador,B3,21-Mar-08
Ecuador,B3,20-Mar-08
Israel,A2,13-Mar-08
Montenegro,Ba2,12-Mar-08
Iceland,Aaa,5-Mar-08
Philippines,B1,24-Jan-08
Cyprus,Aa3,3-Jan-08
Malta,A1,3-Jan-08
Mauritius,Baa2,14-Dec-07
St. Vincent & the Grenadines,B1,10-Dec-07
Paraguay,Caa1,28-Nov-07
Pakistan,B1,5-Nov-07
Indonesia,Ba3,18-Oct-07
Japan,Aaa,11-Oct-07
China,A1,22-Sep-07
Estonia,A1,12-Sep-07
Latvia,A2,12-Sep-07
Brazil,Ba1,23-Aug-07
Belarus,B1,22-Aug-07
Mauritius,Baa2,8-Aug-07
Botswana,A2,7-Aug-07
Indonesia,B1,1-Aug-07
China,A1,26-Jul-07
Hong Kong,Aa2,26-Jul-07
Macao,Aa3,26-Jul-07
Korea,A2,25-Jul-07
Qatar,Aa2,25-Jul-07
Bahrain,A2,24-Jul-07
Kuwait,Aa2,24-Jul-07
Oman,A2,24-Jul-07
Saudi Arabia,A1,24-Jul-07
Croatia,Baa3,18-Jul-07
Peru,Ba2,16-Jul-07
Abu Dhabi,Aa2,11-Jul-07
Cyprus,A1,10-Jul-07
Malta,A2,10-Jul-07
United Arab Emirates,Aa2,9-Jul-07
Japan,Aaa,4-Jul-07
Korea,A3,3-Jul-07
Albania,B1,29-Jun-07
Colombia,Ba2,25-Jun-07
South Africa,Baa1,5-Jun-07
China,A2,30-May-07
Hong Kong,Aa3,30-May-07
Macao,A1,30-May-07
Brazil,Ba2,24-May-07
Cambodia,B2,21-May-07
Cyprus,A2,17-May-07
Malta,A3,17-May-07
Dominican Republic,B2,2-May-07
Vietnam,Ba3,15-Mar-07
Peru,Ba3,8-Mar-07
Bulgaria,Baa3,23-Feb-07
Belize,Caa1,13-Feb-07
Indonesia,B1,5-Feb-07
Ecuador,Caa2,30-Jan-07
Argentina,B3,16-Jan-07
Greece,A1,11-Jan-07
Ecuador,Caa1,8-Jan-07
Jordan,Ba2,8-Jan-07
Hungary,A2,22-Dec-06
Uruguay,B1,21-Dec-06
Fiji,Ba2,6-Dec-06
Pakistan,B1,22-Nov-06
Lebanon,B3,21-Nov-06
Ukraine,B1,10-Nov-06
Pakistan,B2,8-Nov-06
Peru,Ba3,7-Nov-06
Philippines,B1,2-Nov-06
Dominican Republic,B3,18-Oct-06
Slovakia,A1,17-Oct-06
Romania,Baa3,6-Oct-06
Bahrain,A3,4-Oct-06
Kuwait,Aa3,4-Oct-06
Oman,A3,4-Oct-06
Qatar,Aa3,4-Oct-06
Saudi Arabia,A2,4-Oct-06
United Arab Emirates,Aa3,4-Oct-06
Hong Kong,Aa3,26-Sep-06
Hungary,A1,22-Sep-06
Azerbaijan,Ba1,14-Sep-06
Lithuania,A2,12-Sep-06
Uruguay,B3,12-Sep-06
Bahrain,Baa1,7-Sep-06
Kuwait,A2,7-Sep-06
Oman,Baa1,7-Sep-06
Qatar,A1,7-Sep-06
Saudi Arabia,A3,7-Sep-06
United Arab Emirates,A1,7-Sep-06
Brazil,Ba2,31-Aug-06
Brazil,Ba3,1-Aug-06
Slovenia,Aa2,26-Jul-06
Armenia,Ba2,24-Jul-06
Guatemala,Ba2,24-Jul-06
Trinidad and Tobago,Baa1,13-Jul-06
Chile,A2,7-Jul-06
China,A2,7-Jul-06
Hong Kong,A1,6-Jul-06
Macao,A1,6-Jul-06
Colombia,Ba2,29-Jun-06
Costa Rica,Ba1,27-Jun-06
Kazakhstan,Baa2,9-Jun-06
Romania,Ba1,7-Jun-06
Slovenia,Aa3,7-Jun-06
Japan,Aaa,1-Jun-06
Mauritius,Baa2,1-Jun-06
Indonesia,B1,18-May-06
Bosnia and Herzegovina,B2,17-May-06
Israel,A2,10-May-06
India,Baa3,4-May-06
Kazakhstan,Baa3,3-May-06
Korea,A3,25-Apr-06
Bosnia and Herzegovina,B3,11-Apr-06
Czech Republic,A1,30-Mar-06
Belgium,Aa1,28-Mar-06
Chile,Baa1,21-Mar-06
Colombia,Ba2,9-Mar-06
Cyprus,A2,9-Mar-06
Estonia,A1,9-Mar-06
Latvia,A2,9-Mar-06
Lithuania,A3,9-Mar-06
Malta,A3,9-Mar-06
Slovakia,A2,9-Mar-06
Slovenia,Aa3,9-Mar-06
Mauritius,Baa2,7-Mar-06
Bulgaria,Baa3,1-Mar-06
Indonesia,B2,26-Feb-06
Hungary,A1,22-Feb-06
Kuwait,A2,15-Feb-06
Jordan,Ba2,31-Jan-06
Ecuador,Caa1,30-Jan-06
Bulgaria,Ba1,21-Dec-05
Mauritius,Baa2,21-Dec-05
Turkey,Ba3,14-Dec-05
Saudi Arabia,A3,14-Nov-05
Belize,Caa3,26-Oct-05
Russia,Baa2,26-Oct-05
Russia,Baa2,25-Oct-05
Brazil,Ba3,12-Oct-05
Oman,Baa1,6-Oct-05
Mongolia,B1,4-Oct-05
Saudi Arabia,Baa2,3-Oct-05
Russia,Baa3,8-Sep-05
Trinidad and Tobago,Baa2,9-Aug-05
Philippines,B1,13-Jul-05
Vietnam,Ba3,6-Jul-05
Argentina,B3,29-Jun-05
Belize,B3,7-Jun-05
Dominican Republic,B3,24-May-05
Egypt,Ba1,18-May-05
Qatar,A1,18-May-05
Lebanon,B3,24-Mar-05
Romania,Ba1,2-Mar-05
Indonesia,B2,18-Feb-05
Ukraine,B1,17-Feb-05
Philippines,B1,16-Feb-05
Chile,Baa1,14-Feb-05
Turkey,B1,11-Feb-05
Pakistan,B2,20-Jan-05
Brazil,B1,12-Jan-05
Slovakia,A2,12-Jan-05
South Africa,Baa1,11-Jan-05
Mexico,Baa1,6-Jan-05
United Arab Emirates,A1,21-Dec-04
Malaysia,A3,16-Dec-04
Ukraine,B1,1-Dec-04
Bulgaria,Ba1,17-Nov-04
Uruguay,B3,10-Nov-04
Philippines,Ba2,8-Nov-04
South Africa,Baa2,14-Oct-04
Russia,Baa3,6-Oct-04
Slovakia,A3,6-Oct-04
Turkey,B1,30-Sep-04
Malaysia,Baa1,29-Sep-04
Brazil,B1,9-Sep-04
Ukraine,B1,8-Sep-04
Venezuela,B2,7-Sep-04
Bulgaria,Ba2,25-Aug-04
Belize,B2,5-Aug-04
Kazakhstan,Baa3,13-Jul-04
Belize,Ba3,18-Jun-04
Slovakia,A3,18-Jun-04
Korea,A3,11-Jun-04
Japan,Aaa,7-Apr-04
Bosnia and Herzegovina,B3,29-Mar-04
Ecuador,Caa1,24-Feb-04
Malaysia,Baa1,5-Feb-04
Suriname,B1,3-Feb-04
Dominican Republic,B3,30-Jan-04
Philippines,Ba2,27-Jan-04
India,Baa3,22-Jan-04
El Salvador,Baa3,18-Dec-03
Bahrain,Baa1,11-Dec-03
Lithuania,A3,11-Dec-03
Romania,Ba3,11-Dec-03
Thailand,Baa1,26-Nov-03
Philippines,Ba1,25-Nov-03
Argentina,Caa1,15-Nov-03
Australia,Aaa,15-Nov-03
Austria,Aaa,15-Nov-03
Bahamas,A3,15-Nov-03
Bahrain,Baa3,15-Nov-03
Barbados,Baa2,15-Nov-03
Belgium,Aa1,15-Nov-03
Belize,Ba3,15-Nov-03
Bermuda,Aa1,15-Nov-03
Bolivia,B3,15-Nov-03
Botswana,A2,15-Nov-03
Brazil,B2,15-Nov-03
Bulgaria,Ba2,15-Nov-03
Canada,Aaa,15-Nov-03
Cayman Islands,Aa3,15-Nov-03
Chile,Baa1,15-Nov-03
China,A2,15-Nov-03
Colombia,Ba2,15-Nov-03
Costa Rica,Ba1,15-Nov-03
Croatia,Baa3,15-Nov-03
Cuba,Caa1,15-Nov-03
Cyprus,A2,15-Nov-03
Czech Republic,A1,15-Nov-03
Denmark,Aaa,15-Nov-03
Dominican Republic,B2,15-Nov-03
Ecuador,Caa2,15-Nov-03
Egypt,Ba1,15-Nov-03
El Salvador,Baa3,15-Nov-03
Estonia,A1,15-Nov-03
Fiji,Ba2,15-Nov-03
Finland,Aaa,15-Nov-03
France,Aaa,15-Nov-03
Germany,Aaa,15-Nov-03
Greece,A1,15-Nov-03
Guatemala,Ba2,15-Nov-03
Honduras,B2,15-Nov-03
Hong Kong,A1,15-Nov-03
Hungary,A1,15-Nov-03
Iceland,Aaa,15-Nov-03
India,Ba1,15-Nov-03
Indonesia,B2,15-Nov-03
Ireland,Aaa,15-Nov-03
Isle of Man,Aaa,15-Nov-03
Israel,A2,15-Nov-03
Italy,Aa2,15-Nov-03
Jamaica,B1,15-Nov-03
Japan,Aa1,15-Nov-03
Jordan,Ba2,15-Nov-03
Kazakhstan,Baa3,15-Nov-03
Korea,A3,15-Nov-03
Kuwait,A2,15-Nov-03
Latvia,A2,15-Nov-03
Lebanon,B2,15-Nov-03
Lithuania,Baa1,15-Nov-03
Luxembourg,Aaa,15-Nov-03
Macao,A1,15-Nov-03
Malaysia,Baa1,15-Nov-03
Malta,A3,15-Nov-03
Mauritius,Baa2,15-Nov-03
Mexico,Baa2,15-Nov-03
Moldova,Caa1,15-Nov-03
Morocco,Ba1,15-Nov-03
Netherlands,Aaa,15-Nov-03
New Zealand,Aaa,15-Nov-03
Nicaragua,Caa1,15-Nov-03
Norway,Aaa,15-Nov-03
Oman,Baa2,15-Nov-03
Pakistan,B2,15-Nov-03
Panama,Ba1,15-Nov-03
Papua New Guinea,B1,15-Nov-03
Paraguay,Caa1,15-Nov-03
Peru,Ba3,15-Nov-03
Philippines,Ba1,15-Nov-03
Poland,A2,15-Nov-03
Portugal,Aa2,15-Nov-03
Qatar,A3,15-Nov-03
Romania,B1,15-Nov-03
Russia,Baa3,15-Nov-03
Saudi Arabia,Baa2,15-Nov-03
Singapore,Aaa,15-Nov-03
Slovakia,A3,15-Nov-03
Slovenia,Aa3,15-Nov-03
South Africa,Baa2,15-Nov-03
Spain,Aaa,15-Nov-03
Sweden,Aaa,15-Nov-03
Switzerland,Aaa,15-Nov-03
Taiwan,Aa3,15-Nov-03
Thailand,Baa3,15-Nov-03
Trinidad and Tobago,Baa3,15-Nov-03
Tunisia,Baa2,15-Nov-03
Turkey,B1,15-Nov-03
Turkmenistan,B2,15-Nov-03
Ukraine,B1,15-Nov-03
United Arab Emirates,A2,15-Nov-03
United Kingdom,Aaa,15-Nov-03
United States of America,Aaa,15-Nov-03
Uruguay,B3,15-Nov-03
Venezuela,Caa1,15-Nov-03
Vietnam,B1,15-Nov-03
Dominican Republic,B2,10-Nov-03
Ukraine,B1,10-Nov-03
Pakistan,B2,20-Oct-03
India,Ba1,16-Oct-03
China,A2,15-Oct-03
Hong Kong,A1,15-Oct-03
Macao,A1,15-Oct-03
Russia,Baa3,8-Oct-03
Dominican Republic,B1,7-Oct-03
El Salvador,Baa3,7-Oct-03
Thailand,Baa3,1-Oct-03
Indonesia,B2,29-Sep-03
Hong Kong,A3,21-Sep-03
Macao,A3,21-Sep-03
Jordan,Ba2,21-Aug-03
Argentina,Caa1,20-Aug-03
Lithuania,Baa1,19-Aug-03
Russia,Ba2,28-Jul-03
Ukraine,B2,28-Jul-03
Nicaragua,Caa1,30-Jun-03
Indonesia,B3,25-Jun-03
Saudi Arabia,Baa2,16-Jun-03
Bulgaria,Ba2,5-Jun-03
Belize,Ba3,28-May-03
Jamaica,B1,27-May-03
Uruguay,B3,9-May-03
Panama,Ba1,7-May-03
Moldova,Caa1,6-May-03
Paraguay,Caa1,28-Apr-03
Jamaica,Ba3,17-Apr-03
Tunisia,Baa2,17-Apr-03
Bolivia,B3,16-Apr-03
Macao,A3,9-Feb-03
India,Ba1,3-Feb-03
Venezuela,Caa1,21-Jan-03
Russia,Ba2,17-Dec-02
Romania,B1,16-Dec-02
Cuba,Caa1,27-Nov-02
India,Ba2,14-Nov-02
Czech Republic,A1,12-Nov-02
Estonia,A1,12-Nov-02
Latvia,A2,12-Nov-02
Lithuania,Baa1,12-Nov-02
Poland,A2,12-Nov-02
Slovakia,A3,12-Nov-02
Slovenia,Aa3,12-Nov-02
Greece,A1,4-Nov-02
Australia,Aaa,20-Oct-02
Iceland,Aaa,20-Oct-02
New Zealand,Aaa,20-Oct-02
Russia,Ba3,17-Oct-02
Malaysia,Baa1,24-Sep-02
Venezuela,B3,20-Sep-02
Kazakhstan,Baa3,19-Sep-02
Bahrain,Baa3,15-Aug-02
Qatar,A3,15-Aug-02
Brazil,B2,12-Aug-02
Uruguay,B3,31-Jul-02
Moldova,Ca,11-Jul-02
Uruguay,B1,10-Jul-02
Malaysia,Baa2,24-Jun-02
Singapore,Aaa,14-Jun-02
Iran,WR,3-Jun-02
Japan,Aa1,30-May-02
Uruguay,Ba2,21-May-02
Italy,Aa2,15-May-02
Kuwait,A2,15-May-02
Canada,Aaa,3-May-02
Uruguay,Ba2,3-May-02
Sweden,Aaa,4-Apr-02
Uruguay,Baa3,4-Apr-02
Korea,A3,28-Mar-02
Pakistan,B3,13-Feb-02
Japan,Aa1,12-Feb-02
Korea,Baa2,6-Feb-02
Mexico,Baa2,6-Feb-02
Ukraine,B2,24-Jan-02
Kazakhstan,Ba2,14-Jan-02
Turkmenistan,B2,14-Jan-02
Argentina,Ca,20-Dec-01
Bulgaria,B1,19-Dec-01
Romania,B2,19-Dec-01
Spain,Aaa,13-Dec-01
Japan,Aa1,4-Dec-01
Argentina,Caa3,3-Dec-01
Morocco,Ba1,3-Dec-01
Ecuador,Caa2,30-Nov-01
Hungary,A1,29-Nov-01
Russia,Ba3,29-Nov-01
South Africa,Baa2,29-Nov-01
Ukraine,Caa1,20-Nov-01
Iran,B2,13-Nov-01
Slovakia,Baa3,13-Nov-01
Argentina,Caa3,12-Oct-01
South Africa,Baa3,12-Oct-01
Russia,B2,11-Oct-01
Spain,Aa2,19-Sep-01
Japan,Aa1,6-Sep-01
Dominican Republic,Ba2,29-Aug-01
Lebanon,B2,30-Jul-01
Argentina,Caa1,26-Jul-01
Argentina,B3,13-Jul-01
Moldova,Caa1,3-Jul-01
Kazakhstan,Ba2,18-Jun-01
Argentina,B2,4-Jun-01
Turkey,B1,6-Apr-01
Argentina,B2,28-Mar-01
Botswana,A2,12-Mar-01
Kazakhstan,B1,7-Mar-01
Turkey,B1,21-Dec-00
Hungary,A3,14-Nov-00
Slovenia,A2,14-Nov-00
Russia,B2,13-Nov-00
Malaysia,Baa2,17-Oct-00
Brazil,B1,16-Oct-00
Isle of Man,Aaa,3-Oct-00
Hungary,Baa1,13-Sep-00
Slovenia,A3,13-Sep-00
Japan,Aa1,8-Sep-00
Hong Kong,A3,23-Aug-00
Russia,B3,23-Aug-00
Brazil,B2,17-Aug-00
Turkey,B1,24-Jul-00
Fiji,Ba2,19-Jul-00
Malaysia,Baa3,12-Jul-00
Israel,A2,6-Jul-00
Mexico,Baa3,6-Jul-00
Thailand,Baa3,22-Jun-00
Canada,Aa1,21-Jun-00
Hong Kong,A3,31-May-00
Moldova,B3,19-Apr-00
Ukraine,Caa1,19-Apr-00
Israel,A3,18-Apr-00
Canada,Aa2,6-Apr-00
Trinidad and Tobago,Baa3,6-Apr-00
Thailand,Ba1,3-Apr-00
Mexico,Baa3,7-Mar-00
Japan,Aa1,17-Feb-00
Barbados,Baa2,8-Feb-00
Mexico,Ba1,2-Feb-00
Trinidad and Tobago,Ba1,11-Jan-00
Russia,B3,5-Jan-00
Ukraine,Caa1,5-Jan-00
Venezuela,B2,20-Dec-99
Brazil,B2,16-Dec-99
Korea,Baa2,16-Dec-99
Qatar,Baa2,15-Dec-99
Jordan,Ba3,24-Nov-99
Jordan,Ba3,1-Nov-99
Argentina,B1,6-Oct-99
Ecuador,Caa2,5-Oct-99
Poland,Baa1,2-Sep-99
Lebanon,B1,26-Aug-99
Denmark,Aaa,23-Aug-99
Korea,Baa3,23-Aug-99
Sweden,Aa1,23-Aug-99
Argentina,Ba3,20-Aug-99
Colombia,Ba2,11-Aug-99
Mexico,Ba1,10-Aug-99
Chile,Baa1,29-Jul-99
Australia,Aa2,26-Jul-99
Morocco,Ba1,22-Jul-99
Iran,B2,20-Jul-99
Cyprus,A2,19-Jul-99
Jordan,Ba3,16-Jul-99
Oman,Baa2,15-Jul-99
Greece,A2,14-Jul-99
Luxembourg,Aaa,13-Jul-99
Moldova,B2,13-Jul-99
Hungary,Baa1,25-Jun-99
Kazakhstan,B1,25-Jun-99
Pakistan,Caa1,25-Jun-99
Tunisia,Baa3,25-Jun-99
Mexico,Ba2,21-Jun-99
Colombia,Baa3,9-Jun-99
Cuba,Caa1,5-Apr-99
Fiji,Ba1,31-Mar-99
Bahrain,Ba1,30-Mar-99
Egypt,Ba1,4-Mar-99
Malta,A3,4-Mar-99
Croatia,Baa3,2-Mar-99
Latvia,Baa2,2-Mar-99
Romania,B3,22-Feb-99
Ukraine,B3,22-Feb-99
Bulgaria,B2,18-Feb-99
Estonia,Baa1,18-Feb-99
Kazakhstan,B1,18-Feb-99
Lithuania,Ba1,18-Feb-99
Slovakia,Ba1,18-Feb-99
Korea,Baa3,12-Feb-99
Argentina,Ba3,10-Feb-99
Mexico,Ba2,10-Feb-99
Papua New Guinea,B1,25-Jan-99
Belize,Ba2,21-Jan-99
Kuwait,Baa1,21-Jan-99
Mauritius,Baa2,15-Jan-99
Saudi Arabia,Baa3,12-Jan-99
Slovenia,A3,6-Jan-99
Papua New Guinea,B1,31-Dec-98
Colombia,Baa3,18-Dec-98
Korea,Ba1,18-Dec-98
Israel,A3,15-Dec-98
Korea,Ba1,4-Dec-98
Taiwan,Aa3,4-Dec-98
Hong Kong,A3,3-Dec-98
Malaysia,Baa3,3-Dec-98
Japan,Aa1,16-Nov-98
Bahamas,A3,12-Nov-98
Barbados,Ba1,10-Nov-98
Switzerland,Aaa,10-Nov-98
Bermuda,Aa1,9-Nov-98
Dominican Republic,B1,9-Nov-98
El Salvador,Baa3,9-Nov-98
Guatemala,Ba2,9-Nov-98
Peru,Ba3,9-Nov-98
Trinidad and Tobago,Ba1,9-Nov-98
Romania,B3,6-Nov-98
Pakistan,Caa1,23-Oct-98
Hong Kong,A3,22-Oct-98
Bolivia,B1,2-Oct-98
Costa Rica,Ba1,2-Oct-98
Ecuador,B3,2-Oct-98
South Africa,Baa3,2-Oct-98
Uruguay,Baa3,2-Oct-98
Kazakhstan,Ba3,1-Oct-98
Slovakia,Ba1,1-Oct-98
Colombia,Baa3,30-Sep-98
Honduras,B2,29-Sep-98
New Zealand,Aa2,23-Sep-98
Ecuador,B3,14-Sep-98
Malaysia,Baa3,14-Sep-98
Romania,B1,14-Sep-98
Ukraine,B3,9-Sep-98
Indonesia,B3,4-Sep-98
Macao,Baa1,4-Sep-98
Malaysia,Baa2,4-Sep-98
Philippines,Ba1,4-Sep-98
Singapore,Aa1,4-Sep-98
Thailand,Ba1,4-Sep-98
Argentina,Ba3,3-Sep-98
Brazil,B2,3-Sep-98
Hong Kong,A3,3-Sep-98
Mexico,Ba2,3-Sep-98
Venezuela,B2,3-Sep-98
Russia,B3,26-Aug-98
Russia,B3,21-Aug-98
Russia,B2,13-Aug-98
Romania,Ba3,7-Aug-98
Ukraine,B2,28-Jul-98
Japan,Aaa,23-Jul-98
Malaysia,Baa2,23-Jul-98
Venezuela,B1,22-Jul-98
South Africa,Baa3,17-Jul-98
Moldova,B2,14-Jul-98
Paraguay,B2,13-Jul-98
Vietnam,B1,9-Jul-98
Hungary,Baa2,22-Jun-98
Slovakia,Ba1,22-Jun-98
Brazil,B1,19-Jun-98
India,Ba2,19-Jun-98
Colombia,Baa3,18-Jun-98
Ecuador,B1,8-Jun-98
Malaysia,A2,4-Jun-98
New Zealand,Aa1,4-Jun-98
Sweden,Aa2,4-Jun-98
Czech Republic,Baa1,2-Jun-98
Poland,Baa3,2-Jun-98
Bolivia,B1,29-May-98
Russia,B1,29-May-98
Pakistan,B3,28-May-98
Sweden,Aa3,15-May-98
Hungary,Baa2,8-May-98
Moldova,Ba2,8-May-98
Venezuela,Ba2,8-May-98
Greece,Baa1,7-May-98
Netherlands,Aaa,5-May-98
Finland,Aaa,4-May-98
Ireland,Aaa,4-May-98
Portugal,Aa2,4-May-98
Jamaica,Ba3,30-Mar-98
Korea,Ba1,30-Mar-98
Slovakia,Ba1,30-Mar-98
Nicaragua,B2,27-Mar-98
Peru,Ba3,27-Mar-98
Malta,A3,25-Mar-98
Hungary,Baa3,20-Mar-98
Indonesia,B3,20-Mar-98
Finland,Aa1,18-Mar-98
Ireland,Aa1,18-Mar-98
Russia,Ba3,11-Mar-98
Greece,Baa1,20-Feb-98
Peru,B2,13-Feb-98
Ukraine,B2,6-Feb-98
Russia,Ba2,3-Feb-98
Malta,A2,22-Jan-98
Slovakia,Baa3,20-Jan-98
Indonesia,B2,9-Jan-98
Korea,Ba1,9-Jan-98
India,Baa3,8-Jan-98
Malaysia,A2,29-Dec-97
Indonesia,Ba1,21-Dec-97
Japan,Aaa,21-Dec-97
Korea,Ba1,21-Dec-97
Thailand,Ba1,21-Dec-97
Latvia,Baa2,17-Dec-97
Bulgaria,B2,16-Dec-97
Cayman Islands,Aa3,16-Dec-97
Isle of Man,Aaa,16-Dec-97
Lithuania,Ba1,16-Dec-97
United Arab Emirates,A2,11-Dec-97
Korea,Baa2,10-Dec-97
Turkmenistan,B2,4-Dec-97
Korea,A3,27-Nov-97
Thailand,Baa3,27-Nov-97
Egypt,Ba1,14-Nov-97
Macao,Baa1,3-Nov-97
Thailand,Baa1,23-Oct-97
Argentina,Ba3,2-Oct-97
Egypt,Ba2,1-Oct-97
Thailand,Baa1,1-Oct-97
Norway,Aaa,30-Sep-97
Estonia,Baa1,11-Sep-97
Thailand,A3,9-Sep-97
United Arab Emirates,Baa1,28-Aug-97
Korea,A1,5-Aug-97
Iceland,Aa3,30-Jul-97
Ecuador,B1,24-Jul-97
Guatemala,Ba2,8-Jul-97
El Salvador,Baa3,7-Jul-97
Iceland,A1,16-Jun-97
Uruguay,Baa3,10-Jun-97
Dominican Republic,B1,30-May-97
Philippines,Ba1,18-May-97
Costa Rica,Ba1,8-May-97
Barbados,Ba1,18-Apr-97
Vietnam,Ba3,17-Apr-97
Thailand,A3,8-Apr-97
Turkey,B1,13-Mar-97
Lebanon,B1,26-Feb-97
Barbados,Ba2,13-Feb-97
Ireland,Aa1,13-Feb-97
Thailand,A2,13-Feb-97
Portugal,Aa3,10-Feb-97
Spain,Aa2,31-Jan-97
Argentina,B1,28-Jan-97
Greece,Baa1,28-Jan-97
Belgium,Aa1,27-Jan-97
Bahamas,A3,24-Jan-97
Ireland,Aa2,24-Jan-97
Philippines,Ba2,23-Jan-97
Panama,Ba1,22-Jan-97
Croatia,Baa3,17-Jan-97
Finland,Aa1,15-Jan-97
Moldova,Ba2,14-Jan-97
Turkey,Ba3,9-Jan-97
Greece,Baa1,23-Dec-96
Hungary,Baa3,19-Dec-96
Kazakhstan,Ba3,11-Nov-96
Pakistan,B2,6-Nov-96
Greece,Baa3,4-Nov-96
Qatar,Baa2,4-Nov-96
Hungary,Ba1,14-Oct-96
Egypt,Ba2,9-Oct-96
Russia,Ba2,7-Oct-96
Bulgaria,B3,27-Sep-96
Pakistan,B1,23-Sep-96
Qatar,Ba1,23-Sep-96
Lithuania,Ba2,4-Sep-96
Italy,Aa3,3-Jul-96
Iceland,A1,24-Jun-96
Slovenia,A3,8-May-96
Italy,A1,1-May-96
Iceland,A2,10-Apr-96
Mauritius,Baa2,28-Mar-96
Romania,Ba3,6-Mar-96
Cyprus,A2,28-Feb-96
New Zealand,Aa1,26-Feb-96
Peru,B2,5-Feb-96
Bahrain,Ba1,29-Jan-96
Kuwait,Baa1,29-Jan-96
Oman,Baa2,29-Jan-96
Qatar,Ba1,29-Jan-96
Saudi Arabia,Baa3,29-Jan-96
United Arab Emirates,Baa1,29-Jan-96
Singapore,Aa1,18-Jan-96
New Zealand,Aa2,3-Jan-96
Israel,A3,2-Nov-95
Jordan,Ba3,27-Oct-95
New Zealand,Aa2,25-Oct-95
Trinidad and Tobago,Ba1,10-Oct-95
Argentina,B1,27-Sep-95
Colombia,Baa3,19-Sep-95
Czech Republic,Baa1,18-Sep-95
Norway,Aa1,11-Aug-95
Pakistan,B1,11-Jul-95
Chile,Baa1,29-Jun-95
Colombia,Ba1,6-Jun-95
Poland,Baa3,1-Jun-95
Argentina,B1,16-May-95
Slovakia,Baa3,15-May-95
Philippines,Ba2,12-May-95
Chile,Baa2,3-May-95
Czech Republic,Baa2,2-May-95
Canada,Aa2,12-Apr-95
Tunisia,Baa3,6-Apr-95
Malaysia,A1,15-Mar-95
Canada,Aa1,16-Feb-95
Malaysia,A2,20-Jan-95
South Africa,Baa3,20-Jan-95
Sweden,Aa3,18-Jan-95
Mexico,Ba2,6-Jan-95
Sweden,Aa3,5-Jan-95
Mexico,Ba2,23-Dec-94
India,Baa3,1-Dec-94
Brazil,B1,30-Nov-94
Pakistan,Ba3,23-Nov-94
Sweden,Aa2,8-Oct-94
Barbados,Ba2,5-Oct-94
Brazil,B2,5-Oct-94
South Africa,Baa3,3-Oct-94
India,Ba2,14-Sep-94
Ireland,Aa2,31-Aug-94
Ireland,Aa3,24-Jun-94
Bermuda,Aa1,10-Jun-94
Canada,Aa1,2-Jun-94
Turkey,Ba3,2-Jun-94
Czech Republic,Baa2,25-May-94
Greece,Baa3,24-May-94
Singapore,Aa2,24-May-94
Venezuela,Ba2,8-Apr-94
Taiwan,Aa3,24-Mar-94
New Zealand,Aa2,16-Mar-94
Indonesia,Baa3,14-Mar-94
Malta,A2,14-Mar-94
New Zealand,Aa3,22-Feb-94
Chile,Baa2,17-Feb-94
Venezuela,Ba1,7-Feb-94
Turkey,Ba1,13-Jan-94
Italy,A1,2-Nov-93
Uruguay,Ba1,15-Oct-93
China,A3,10-Sep-93
Colombia,Ba1,4-Aug-93
Philippines,Ba3,1-Jul-93
Mexico,Ba2,20-May-93
Japan,Aaa,7-May-93
Italy,A1,5-May-93
Canada,Aaa,3-May-93
Germany,Aaa,29-Apr-93
United Kingdom,Aaa,27-Apr-93
Malaysia,A2,11-Mar-93
Czech Republic,Baa3,10-Mar-93
Italy,Aa3,25-Feb-93
Trinidad and Tobago,Ba2,8-Feb-93
Sweden,Aa2,1-Feb-93
Ireland,Aa3,4-Sep-92
Italy,Aa3,13-Aug-92
Argentina,B1,13-Jul-92
Turkey,Baa3,5-May-92
Finland,Aa2,13-Jan-92
New Zealand,Aa3,4-Sep-91
Venezuela,Ba1,6-Aug-91
Italy,Aa1,1-Jul-91
India,Ba2,24-Jun-91
India,Baa3,26-Mar-91
Sweden,Aa1,17-Jan-91
Mexico,Ba2,18-Dec-90
Finland,Aa1,20-Oct-90
India,Baa1,4-Oct-90
Greece,Baa1,19-Jul-90
Hungary,Ba1,13-Jul-90
Korea,A1,4-Apr-90
Malaysia,A3,12-Mar-90
China,Baa1,8-Nov-89
Hong Kong,A3,8-Nov-89
Luxembourg,Aaa,20-Sep-89
Singapore,Aa3,20-Sep-89
Australia,Aa2,28-Aug-89
Thailand,A2,1-Aug-89
Hungary,Baa2,18-Jul-89
Argentina,B3,26-May-89
Iceland,A2,24-May-89
Brazil,B2,28-Mar-89
Hong Kong,A2,9-Nov-88
France,Aaa,28-Sep-88
China,A3,18-May-88
Belgium,Aa1,22-Mar-88
Spain,Aa2,3-Feb-88
India,A2,28-Jan-88
Argentina,B2,4-Dec-87
Brazil,B1,4-Dec-87
Venezuela,Ba3,4-Dec-87
Ireland,Aa3,15-Jul-87
Norway,Aa1,13-Jul-87
Venezuela,Ba2,3-Jun-87
Argentina,Ba3,18-Nov-86
Brazil,Ba1,18-Nov-86
Korea,A2,18-Nov-86
Portugal,A1,18-Nov-86
Denmark,Aa1,10-Nov-86
Italy,Aaa,10-Oct-86
Austria,Aaa,7-Oct-86
Australia,Aa1,10-Sep-86
Denmark,Aa1,15-Aug-86
New Zealand,Aa3,15-Aug-86
Denmark,Aa,8-Jul-86
Germany,Aaa,9-Feb-86
Finland,Aaa,7-Feb-86
Malaysia,Baa1,18-Jan-86
Netherlands,Aaa,10-Jan-86
Panama,WR,11-Nov-85
New Zealand,Aa,17-Oct-84
Venezuela,WR,15-Mar-83
Venezuela,Aa,4-Feb-83
Switzerland,Aaa,20-Jan-82
Japan,Aaa,1-Oct-81
France,Aaa,23-Jan-79
Panama,Aa,27-Jun-78
United Kingdom,Aaa,31-Mar-78
Norway,Aaa,12-Jan-78
Sweden,Aaa,10-Nov-77
Finland,Aa,19-Oct-77
Panama,WR,14-Oct-77
New Zealand,Aaa,29-Jun-77
Austria,Aaa,26-Jun-77
Venezuela,Aaa,29-Dec-76
New Zealand,Aa,10-Jul-75
Australia,Aaa,15-Oct-74
Canada,Aaa,12-Apr-74
Canada,Aa,22-May-68
Denmark,Aa,6-Sep-67
New Zealand,Baa,1-Jul-65
Australia,A,15-Jan-62
Panama,A,30-Jun-58
United States of America,Aaa,5-Feb-49